Name;Station;Time;Max_temp;Mean_temp;Min_temp;Precipitation
흀jord Ii;SN71780;2019-01-01;7.2;3.1;1.3;30.1
흀jord Ii;SN71780;2019-01-02;3.8;1.8;-0.5;11.4
흀jord Ii;SN71780;2019-01-03;7;5.7;1.2;5.2
흀jord Ii;SN71780;2019-01-04;8;6.8;6.1;47.8
흀jord Ii;SN71780;2019-01-05;6.1;5.5;4.6;2.1
흀jord Ii;SN71780;2019-01-06;7.6;5.9;4.4;9.6
흀jord Ii;SN71780;2019-01-07;4.9;1.6;0.3;6
흀jord Ii;SN71780;2019-01-08;1.2;0.1;-1;2.9
흀jord Ii;SN71780;2019-01-09;1.2;-0.1;-1.8;8.5
흀jord Ii;SN71780;2019-01-10;7.5;4.6;0.2;9.4
흀jord Ii;SN71780;2019-01-11;7.3;2.8;1.7;16.6
흀jord Ii;SN71780;2019-01-12;2.7;0.4;-0.4;11.4
흀jord Ii;SN71780;2019-01-13;2.6;0;-1.8;4.6
흀jord Ii;SN71780;2019-01-14;3.1;0.5;-2.2;13.7
흀jord Ii;SN71780;2019-01-15;0.4;-4.5;-7.3;5.7
흀jord Ii;SN71780;2019-01-16;-5;-7.5;-10.6;0
흀jord Ii;SN71780;2019-01-17;0;-5.6;-12.1;0.7
흀jord Ii;SN71780;2019-01-18;0.4;-1.2;-3.5;11.2
흀jord Ii;SN71780;2019-01-19;0.5;-2.2;-4.9;14.5
흀jord Ii;SN71780;2019-01-20;-1.7;-6.5;-8.6;6.8
흀jord Ii;SN71780;2019-01-21;-4.5;-6.9;-10.4;0.3
흀jord Ii;SN71780;2019-01-22;-2.1;-6.2;-9.4;2.6
흀jord Ii;SN71780;2019-01-23;-6.1;-8.8;-12.1;0
흀jord Ii;SN71780;2019-01-24;-2.7;-4.8;-8.8;0
흀jord Ii;SN71780;2019-01-25;-1.8;-3.3;-4.8;0
흀jord Ii;SN71780;2019-01-26;-2.1;-3.8;-5.2;0
흀jord Ii;SN71780;2019-01-27;-3.9;-5;-5.9;0
흀jord Ii;SN71780;2019-01-28;-2.3;-4;-6;0
흀jord Ii;SN71780;2019-01-29;-1.1;-3.5;-5.1;0
흀jord Ii;SN71780;2019-01-30;-0.9;-4.1;-8.1;0.1
흀jord Ii;SN71780;2019-01-31;0.1;-1.2;-3.7;0.4
흀jord Ii;SN71780;2019-02-01;-0.6;-2.3;-3.1;0
흀jord Ii;SN71780;2019-02-02;-2.6;-5.8;-7;0
흀jord Ii;SN71780;2019-02-03;-5;-6.3;-7.8;0
흀jord Ii;SN71780;2019-02-04;-4.7;-7.4;-9.3;1.8
흀jord Ii;SN71780;2019-02-05;-6.7;-10.5;-14.2;0
흀jord Ii;SN71780;2019-02-06;-0.6;-5.8;-11.7;0
흀jord Ii;SN71780;2019-02-07;3.8;1.6;-2.6;10.8
흀jord Ii;SN71780;2019-02-08;2.5;0.2;-0.9;0
흀jord Ii;SN71780;2019-02-09;3.4;1.4;-2.2;0.2
흀jord Ii;SN71780;2019-02-10;1.8;0.1;-0.7;5.1
흀jord Ii;SN71780;2019-02-11;0.8;-0.4;-3.6;6.4
흀jord Ii;SN71780;2019-02-12;1.3;0.9;-1.3;12.5
흀jord Ii;SN71780;2019-02-13;6.6;4.5;0.3;14.4
흀jord Ii;SN71780;2019-02-14;8.2;5.4;1.4;6.7
흀jord Ii;SN71780;2019-02-15;7.7;4.4;1.4;13.9
흀jord Ii;SN71780;2019-02-16;7.2;4.4;-0.1;2.5
흀jord Ii;SN71780;2019-02-17;3.8;1.8;-2.3;0.5
흀jord Ii;SN71780;2019-02-18;7.5;3.5;0.8;0
흀jord Ii;SN71780;2019-02-19;5.4;2.5;0.7;0
흀jord Ii;SN71780;2019-02-20;3.1;0.1;-1.5;8.8
흀jord Ii;SN71780;2019-02-21;0.9;-0.1;-1.8;0
흀jord Ii;SN71780;2019-02-22;4.8;3.1;0;6.6
흀jord Ii;SN71780;2019-02-23;8.3;4.8;2.5;8.1
흀jord Ii;SN71780;2019-02-24;8.1;6.1;0.1;0.7
흀jord Ii;SN71780;2019-02-25;7.5;6.4;4.9;0
흀jord Ii;SN71780;2019-02-26;8.3;6.6;5.2;5.1
흀jord Ii;SN71780;2019-02-27;7.3;5.9;4.5;2
흀jord Ii;SN71780;2019-02-28;5.1;1.8;0.2;9.3
흀jord Ii;SN71780;2019-03-01;2.8;1.3;0;10.9
흀jord Ii;SN71780;2019-03-02;4.5;1.1;-0.3;26.7
흀jord Ii;SN71780;2019-03-03;0.4;-0.7;-1.5;7.3
흀jord Ii;SN71780;2019-03-04;0;-3.4;-4.9;0
흀jord Ii;SN71780;2019-03-05;-3;-;-10.7;0
흀jord Ii;SN71780;2019-03-06;-0.5;-7.4;-13.4;0
흀jord Ii;SN71780;2019-03-07;-0.7;-4.1;-9.1;0
흀jord Ii;SN71780;2019-03-08;0.7;-3.2;-7.6;1.2
흀jord Ii;SN71780;2019-03-09;1.3;-3.5;-5.6;7.7
흀jord Ii;SN71780;2019-03-10;-0.1;-7.1;-12.6;1.9
흀jord Ii;SN71780;2019-03-11;2.6;-4.7;-11.5;0.4
흀jord Ii;SN71780;2019-03-12;0.7;-2.3;-7.7;0.8
흀jord Ii;SN71780;2019-03-13;1;-0.2;-1.2;0
흀jord Ii;SN71780;2019-03-14;6.1;1.2;-1;2.6
흀jord Ii;SN71780;2019-03-15;6.2;-0.3;-4.9;0
흀jord Ii;SN71780;2019-03-16;5.7;-0.2;-4.2;0
흀jord Ii;SN71780;2019-03-17;1.9;0;-3.7;0
흀jord Ii;SN71780;2019-03-18;5.2;0.7;-1.7;0
흀jord Ii;SN71780;2019-03-19;6.7;2.3;-2.6;1
흀jord Ii;SN71780;2019-03-20;6.8;4.5;2.7;2.6
흀jord Ii;SN71780;2019-03-21;7.6;4.9;1.8;5.2
흀jord Ii;SN71780;2019-03-22;9.5;5.6;1.2;0.4
흀jord Ii;SN71780;2019-03-23;9;3.6;1.3;5.6
흀jord Ii;SN71780;2019-03-24;3.6;1.3;0.1;6.1
흀jord Ii;SN71780;2019-03-25;4.1;0.7;-2.4;6.8
흀jord Ii;SN71780;2019-03-26;3.4;1.9;0.2;8.5
흀jord Ii;SN71780;2019-03-27;7.1;5.8;0.6;7.4
흀jord Ii;SN71780;2019-03-28;12.1;8.7;4.8;7.1
흀jord Ii;SN71780;2019-03-29;10;4.6;1.8;9
흀jord Ii;SN71780;2019-03-30;4.8;2.3;0.8;12.3
흀jord Ii;SN71780;2019-03-31;3.6;1;-1.7;12.3
흀jord Ii;SN71780;2019-04-01;5.9;2.7;0.1;7.5
흀jord Ii;SN71780;2019-04-02;6.6;2;-1.6;4.8
흀jord Ii;SN71780;2019-04-03;10.7;3.3;-1.9;0
흀jord Ii;SN71780;2019-04-04;8.6;3.4;-1.3;0
흀jord Ii;SN71780;2019-04-05;9.6;6.4;0.6;0
흀jord Ii;SN71780;2019-04-06;7.7;4;0.7;0
흀jord Ii;SN71780;2019-04-07;5.4;2.3;1.6;0.2
흀jord Ii;SN71780;2019-04-08;6.1;0.2;-4.9;0.3
흀jord Ii;SN71780;2019-04-09;4.4;0.4;-3.1;0
흀jord Ii;SN71780;2019-04-10;3.4;-1.5;-6.1;0
흀jord Ii;SN71780;2019-04-11;6.8;-0.3;-7.2;0
흀jord Ii;SN71780;2019-04-12;6.5;0.1;-7.1;0
흀jord Ii;SN71780;2019-04-13;7.8;1.1;-5.8;0
흀jord Ii;SN71780;2019-04-14;12.2;3.4;-3.9;0
흀jord Ii;SN71780;2019-04-15;12.1;4.4;-3.2;0
흀jord Ii;SN71780;2019-04-16;15.7;8;-2;0
흀jord Ii;SN71780;2019-04-17;15.3;9.2;3.5;0
흀jord Ii;SN71780;2019-04-18;16.2;8.2;-1.4;0
흀jord Ii;SN71780;2019-04-19;16.5;9.5;4.5;0
흀jord Ii;SN71780;2019-04-20;20.1;10.6;1.4;0
흀jord Ii;SN71780;2019-04-21;10.5;7.9;7.2;3.9
흀jord Ii;SN71780;2019-04-22;22.3;11.8;6.4;3
흀jord Ii;SN71780;2019-04-23;21.1;13.2;2.3;0
흀jord Ii;SN71780;2019-04-24;19.6;14.2;6.1;0
흀jord Ii;SN71780;2019-04-25;20.3;16.4;9.8;0
흀jord Ii;SN71780;2019-04-26;20.3;15.9;12;0
흀jord Ii;SN71780;2019-04-27;21;16.3;8;0
흀jord Ii;SN71780;2019-04-28;22.3;15.4;11.7;0
흀jord Ii;SN71780;2019-04-29;16.2;9.3;4.2;0
흀jord Ii;SN71780;2019-04-30;12.2;8.1;6.1;0.6
흀jord Ii;SN71780;2019-05-01;6.2;4.5;3.7;2.9
흀jord Ii;SN71780;2019-05-02;6.9;2.5;0.1;9.6
흀jord Ii;SN71780;2019-05-03;5.1;1.7;-2.2;5.6
흀jord Ii;SN71780;2019-05-04;5.5;2.8;0.4;7.8
흀jord Ii;SN71780;2019-05-05;5.5;2.4;0.7;19.2
흀jord Ii;SN71780;2019-05-06;7.5;1.6;-3.2;1.4
흀jord Ii;SN71780;2019-05-07;6.7;2.4;-3.1;1.4
흀jord Ii;SN71780;2019-05-08;7.4;3.4;1.6;3.5
흀jord Ii;SN71780;2019-05-09;10.2;6;-1.6;1.7
흀jord Ii;SN71780;2019-05-10;14.1;10.2;6.6;1.9
흀jord Ii;SN71780;2019-05-11;8.7;5;4.6;5.2
흀jord Ii;SN71780;2019-05-12;8.2;5;0.1;6.7
흀jord Ii;SN71780;2019-05-13;7.4;5;1.3;1.3
흀jord Ii;SN71780;2019-05-14;8.7;6.5;3.4;3.6
흀jord Ii;SN71780;2019-05-15;13.2;8.8;7.4;5.1
흀jord Ii;SN71780;2019-05-16;13.3;8.3;3.9;0.8
흀jord Ii;SN71780;2019-05-17;23.1;14.2;3.8;0
흀jord Ii;SN71780;2019-05-18;21.9;17.3;8.8;0
흀jord Ii;SN71780;2019-05-19;20.3;15.3;13.2;0
흀jord Ii;SN71780;2019-05-20;19.3;14.2;8.6;0.1
흀jord Ii;SN71780;2019-05-21;24.8;17.6;8.7;0.1
흀jord Ii;SN71780;2019-05-22;23.3;18.4;10.2;0
흀jord Ii;SN71780;2019-05-23;21;10.8;10.2;0
흀jord Ii;SN71780;2019-05-24;17.1;11;5.4;0.8
흀jord Ii;SN71780;2019-05-25;11.6;8.3;5.4;3
흀jord Ii;SN71780;2019-05-26;9.8;6.2;2.9;0
흀jord Ii;SN71780;2019-05-27;9.5;5.6;1.7;1.8
흀jord Ii;SN71780;2019-05-28;9.9;5.8;2;1.3
흀jord Ii;SN71780;2019-05-29;8.5;5.9;2.8;1.1
흀jord Ii;SN71780;2019-05-30;8.6;5.4;2.4;1.8
흀jord Ii;SN71780;2019-05-31;8.8;6.4;3.2;8.3
흀jord Ii;SN71780;2019-06-01;14.3;8.8;6.1;14.8
흀jord Ii;SN71780;2019-06-02;15.5;10.8;5.2;0.8
흀jord Ii;SN71780;2019-06-03;21.7;14.8;11.5;0
흀jord Ii;SN71780;2019-06-04;18.6;13;8.3;8.5
흀jord Ii;SN71780;2019-06-05;19.9;14.7;7.4;1.3
흀jord Ii;SN71780;2019-06-06;28.6;19.1;8.5;0
흀jord Ii;SN71780;2019-06-07;28.1;13.5;10.5;0
흀jord Ii;SN71780;2019-06-08;24.1;16.5;8.7;14.2
흀jord Ii;SN71780;2019-06-09;23.5;15.7;13.8;0.6
흀jord Ii;SN71780;2019-06-10;15.2;11;8.9;2.5
흀jord Ii;SN71780;2019-06-11;16.7;12.4;6.4;0.2
흀jord Ii;SN71780;2019-06-12;20.9;14.1;5.2;0.1
흀jord Ii;SN71780;2019-06-13;18.1;13.9;10.2;0.2
흀jord Ii;SN71780;2019-06-14;20.5;16;11.2;0
흀jord Ii;SN71780;2019-06-15;18.8;14.1;9.9;0
흀jord Ii;SN71780;2019-06-16;25.1;17;9.3;0
흀jord Ii;SN71780;2019-06-17;18.5;13.8;10.9;6.1
흀jord Ii;SN71780;2019-06-18;20.3;13.7;10.8;7.9
흀jord Ii;SN71780;2019-06-19;18.8;14.2;8.7;8.6
흀jord Ii;SN71780;2019-06-20;20.5;15.9;13.4;0.1
흀jord Ii;SN71780;2019-06-21;16.1;12.4;11.5;5.7
흀jord Ii;SN71780;2019-06-22;13.5;10.6;9;2.1
흀jord Ii;SN71780;2019-06-23;13.1;10.1;8.3;5.7
흀jord Ii;SN71780;2019-06-24;18.2;12.6;8.8;4.9
흀jord Ii;SN71780;2019-06-25;19.9;14;6.6;0
흀jord Ii;SN71780;2019-06-26;16.5;9.9;6.3;0
흀jord Ii;SN71780;2019-06-27;12.7;10;9.3;12.3
흀jord Ii;SN71780;2019-06-28;11.7;10.6;8.4;2.5
흀jord Ii;SN71780;2019-06-29;11.6;10.6;10.4;20
흀jord Ii;SN71780;2019-06-30;15.3;12.2;10.2;25.3
흀jord Ii;SN71780;2019-07-01;12.2;9.6;8.9;10.3
흀jord Ii;SN71780;2019-07-02;10.1;7.8;6.4;5.5
흀jord Ii;SN71780;2019-07-03;8.5;6.9;5.4;22.8
흀jord Ii;SN71780;2019-07-04;12.8;8.5;5.4;34
흀jord Ii;SN71780;2019-07-05;10.4;9.4;8.7;14.4
흀jord Ii;SN71780;2019-07-06;12.1;10.2;8.3;6.3
흀jord Ii;SN71780;2019-07-07;16.3;11.3;8.4;1.4
흀jord Ii;SN71780;2019-07-08;13.7;10.3;5.3;0.4
흀jord Ii;SN71780;2019-07-09;15.9;12.3;10.3;1.9
흀jord Ii;SN71780;2019-07-10;15.4;11.2;8.6;0
흀jord Ii;SN71780;2019-07-11;16.6;11.9;5.9;0
흀jord Ii;SN71780;2019-07-12;16.8;12.4;7.7;0
흀jord Ii;SN71780;2019-07-13;15;11.9;10.6;0
흀jord Ii;SN71780;2019-07-14;12;10.5;9.4;0
흀jord Ii;SN71780;2019-07-15;12.2;10.3;8.8;6.6
흀jord Ii;SN71780;2019-07-16;13.5;11.3;9;0.6
흀jord Ii;SN71780;2019-07-17;18.9;14;9.9;0.1
흀jord Ii;SN71780;2019-07-18;26.1;18.1;8.6;0
흀jord Ii;SN71780;2019-07-19;23.6;16.6;11.4;0
흀jord Ii;SN71780;2019-07-20;25;19.5;13.3;0.3
흀jord Ii;SN71780;2019-07-21;23.1;18.4;15.7;0
흀jord Ii;SN71780;2019-07-22;22.8;17;11.7;5.3
흀jord Ii;SN71780;2019-07-23;21.4;16.5;14.4;0
흀jord Ii;SN71780;2019-07-24;27.1;21.8;16;8.5
흀jord Ii;SN71780;2019-07-25;31.1;21;16.7;0
흀jord Ii;SN71780;2019-07-26;32.2;24;13.9;0
흀jord Ii;SN71780;2019-07-27;31.5;25.6;19.8;0
흀jord Ii;SN71780;2019-07-28;33.2;26.2;16.6;0
흀jord Ii;SN71780;2019-07-29;30.9;24.8;20.8;0
흀jord Ii;SN71780;2019-07-30;23.4;17.1;14.1;0.1
흀jord Ii;SN71780;2019-07-31;23.2;17.7;13.5;0
흀jord Ii;SN71780;2019-08-01;21.7;15.9;10.4;0
흀jord Ii;SN71780;2019-08-02;18.2;13.4;8;0.2
흀jord Ii;SN71780;2019-08-03;15.8;12.6;9.6;0
흀jord Ii;SN71780;2019-08-04;17;12.5;8.7;0.5
흀jord Ii;SN71780;2019-08-05;15.5;12.1;9.8;0
흀jord Ii;SN71780;2019-08-06;19.7;13.4;7.1;0.2
흀jord Ii;SN71780;2019-08-07;19.8;14.1;7.3;0
흀jord Ii;SN71780;2019-08-08;17.3;14.6;13.6;0
흀jord Ii;SN71780;2019-08-09;18.5;14.2;12.3;0.6
흀jord Ii;SN71780;2019-08-10;23.5;18.8;12.8;0
흀jord Ii;SN71780;2019-08-11;24.8;18.8;17.2;0
흀jord Ii;SN71780;2019-08-12;20;13.4;12.2;0.9
흀jord Ii;SN71780;2019-08-13;12.7;11.4;10.3;22.3
흀jord Ii;SN71780;2019-08-14;15.8;-;9.8;16.1
흀jord Ii;SN71780;2019-08-15;19.2;13.3;7.1;0.4
흀jord Ii;SN71780;2019-08-16;16.4;13.1;10.8;0
흀jord Ii;SN71780;2019-08-17;20.5;15.9;10.4;0.8
흀jord Ii;SN71780;2019-08-18;18.8;14.3;11.2;9.4
흀jord Ii;SN71780;2019-08-19;21.9;14;8.6;2.7
흀jord Ii;SN71780;2019-08-20;17.9;13.3;9.8;2.5
흀jord Ii;SN71780;2019-08-21;14.2;11.7;11.1;2.8
흀jord Ii;SN71780;2019-08-22;20.3;12.8;5;2.6
흀jord Ii;SN71780;2019-08-23;18.1;12.5;8.5;0.1
흀jord Ii;SN71780;2019-08-24;18.9;13.6;7.2;0
흀jord Ii;SN71780;2019-08-25;16.4;13.7;13.2;3.2
흀jord Ii;SN71780;2019-08-26;26.4;17.4;12;13.6
흀jord Ii;SN71780;2019-08-27;25.7;17.2;11.1;0
흀jord Ii;SN71780;2019-08-28;28.7;21;12.7;0
흀jord Ii;SN71780;2019-08-29;24;15.2;13.1;0
흀jord Ii;SN71780;2019-08-30;21.3;14.5;8.6;11
흀jord Ii;SN71780;2019-08-31;20;15.7;13;2.9
흀jord Ii;SN71780;2019-09-01;20.2;15.2;12.7;0.6
흀jord Ii;SN71780;2019-09-02;13.8;10;8.9;6.8
흀jord Ii;SN71780;2019-09-03;12.4;8.6;3.6;2.7
흀jord Ii;SN71780;2019-09-04;15.1;11.2;8;10.5
흀jord Ii;SN71780;2019-09-05;11.5;9.3;8.9;8
흀jord Ii;SN71780;2019-09-06;12.8;9.1;6.8;27.8
흀jord Ii;SN71780;2019-09-07;13.8;9;7.1;7.3
흀jord Ii;SN71780;2019-09-08;16.7;9.2;3.7;0.1
흀jord Ii;SN71780;2019-09-09;19.3;12.4;4.2;0
흀jord Ii;SN71780;2019-09-10;20.9;14.8;9;0
흀jord Ii;SN71780;2019-09-11;20.8;15.4;12.8;0
흀jord Ii;SN71780;2019-09-12;12.8;11;9.6;9.7
흀jord Ii;SN71780;2019-09-13;11.2;9.6;7.3;18.8
흀jord Ii;SN71780;2019-09-14;12;9;6.7;28.2
흀jord Ii;SN71780;2019-09-15;11;9.6;7.6;17.6
흀jord Ii;SN71780;2019-09-16;11.3;9.5;8.3;28
흀jord Ii;SN71780;2019-09-17;12.5;8.2;6.5;28.2
흀jord Ii;SN71780;2019-09-18;10.6;7.2;4.9;14.6
흀jord Ii;SN71780;2019-09-19;8;5.7;1.9;9.4
흀jord Ii;SN71780;2019-09-20;11.8;9.7;5.4;33.3
흀jord Ii;SN71780;2019-09-21;11.9;11.1;10.8;46.8
흀jord Ii;SN71780;2019-09-22;11.3;9;7.2;7
흀jord Ii;SN71780;2019-09-23;15.2;9.7;6.6;0
흀jord Ii;SN71780;2019-09-24;15.3;8.6;3.8;0
흀jord Ii;SN71780;2019-09-25;15.4;9.6;3.5;0
흀jord Ii;SN71780;2019-09-26;16.1;10.1;2.9;0
흀jord Ii;SN71780;2019-09-27;15.1;12.2;9.9;0
흀jord Ii;SN71780;2019-09-28;16.8;12.2;10.8;0
흀jord Ii;SN71780;2019-09-29;11.5;8.3;6;0.1
흀jord Ii;SN71780;2019-09-30;6.2;2.2;-0.2;15.3
흀jord Ii;SN71780;2019-10-01;4.2;1.4;-1.4;5.5
흀jord Ii;SN71780;2019-10-02;12.2;6.4;1.6;9.1
흀jord Ii;SN71780;2019-10-03;7.6;4.6;3.4;2.1
흀jord Ii;SN71780;2019-10-04;6;1.9;-1;0
흀jord Ii;SN71780;2019-10-05;5.5;-0.3;-4.2;0
흀jord Ii;SN71780;2019-10-06;9.6;1.8;-3.9;0
흀jord Ii;SN71780;2019-10-07;9.8;4.2;1.3;0
흀jord Ii;SN71780;2019-10-08;10.6;4.9;-0.3;0.1
흀jord Ii;SN71780;2019-10-09;10.7;6.1;3.5;0
흀jord Ii;SN71780;2019-10-10;10.7;3.5;-0.5;0
흀jord Ii;SN71780;2019-10-11;8.1;3.3;-1.1;0
흀jord Ii;SN71780;2019-10-12;7.3;3.2;-0.6;0.2
흀jord Ii;SN71780;2019-10-13;8.1;2.5;0.1;6.7
흀jord Ii;SN71780;2019-10-14;7.1;0.9;-2.1;6.8
흀jord Ii;SN71780;2019-10-15;8;1.6;-2.3;0.1
흀jord Ii;SN71780;2019-10-16;9;5.6;0.3;0
흀jord Ii;SN71780;2019-10-17;10.2;7.5;5.7;3
흀jord Ii;SN71780;2019-10-18;11.7;6.7;5.1;0.1
흀jord Ii;SN71780;2019-10-19;7.9;4.7;0.7;0
흀jord Ii;SN71780;2019-10-20;6.5;3;-0.9;0
흀jord Ii;SN71780;2019-10-21;5;2.7;-1.5;0.3
흀jord Ii;SN71780;2019-10-22;12.4;7.9;4.4;3.6
흀jord Ii;SN71780;2019-10-23;8.4;6.4;3.2;2.6
흀jord Ii;SN71780;2019-10-24;11.2;8.5;7;14.4
흀jord Ii;SN71780;2019-10-25;11;6.1;4.8;0.9
흀jord Ii;SN71780;2019-10-26;6.4;2.6;0.5;16.5
흀jord Ii;SN71780;2019-10-27;4.3;2.1;0.2;10.1
흀jord Ii;SN71780;2019-10-28;3.9;1.8;0.2;6.7
흀jord Ii;SN71780;2019-10-29;5.2;2.9;0.7;11.4
흀jord Ii;SN71780;2019-10-30;6.8;5;2.1;17.3
흀jord Ii;SN71780;2019-10-31;6.1;3.7;2.9;6
흀jord Ii;SN71780;2019-11-01;5.7;2.7;0.3;5.9
흀jord Ii;SN71780;2019-11-02;3.3;0.5;-1.1;3
흀jord Ii;SN71780;2019-11-03;0;-3.7;-5.2;1.5
흀jord Ii;SN71780;2019-11-04;0.1;-4.9;-6.4;0
흀jord Ii;SN71780;2019-11-05;-3.1;-7.4;-9.3;0.1
흀jord Ii;SN71780;2019-11-06;-2.4;-5.7;-10.6;0
흀jord Ii;SN71780;2019-11-07;-1.5;-5.1;-7;0
흀jord Ii;SN71780;2019-11-08;-3.6;-6.7;-8.1;0
흀jord Ii;SN71780;2019-11-09;-3.2;-8.2;-10.9;0
흀jord Ii;SN71780;2019-11-10;-3.1;-6.5;-10.7;0
흀jord Ii;SN71780;2019-11-11;-2.9;-4.5;-6.9;0
흀jord Ii;SN71780;2019-11-12;4.6;-1.4;-8.9;0
흀jord Ii;SN71780;2019-11-13;4.4;-1.2;-3;0
흀jord Ii;SN71780;2019-11-14;-1.3;-3.3;-4.2;0
흀jord Ii;SN71780;2019-11-15;1.7;-1.5;-5.4;0
흀jord Ii;SN71780;2019-11-16;3.3;-0.1;-3.9;0.1
흀jord Ii;SN71780;2019-11-17;4.1;-;-1.1;0
흀jord Ii;SN71780;2019-11-18;3.7;-;-1.9;0.3
흀jord Ii;SN71780;2019-11-19;3.8;1.2;0;9.2
흀jord Ii;SN71780;2019-11-20;1.6;-0.4;-2;13.1
흀jord Ii;SN71780;2019-11-21;6.4;2.5;-3.6;0
흀jord Ii;SN71780;2019-11-22;7.6;6.8;4.6;0
흀jord Ii;SN71780;2019-11-23;7.3;4.1;2.6;0
흀jord Ii;SN71780;2019-11-24;3.4;-0.5;-1.3;0
흀jord Ii;SN71780;2019-11-25;1.1;0.2;-1.3;0
흀jord Ii;SN71780;2019-11-26;0.6;-1;-2.1;0.1
흀jord Ii;SN71780;2019-11-27;0.8;-1.4;-4.6;0
흀jord Ii;SN71780;2019-11-28;0.6;-3.5;-6.4;0
흀jord Ii;SN71780;2019-11-29;3.7;1.1;-6.1;6.4
흀jord Ii;SN71780;2019-11-30;1.9;0.6;-3.6;8.9
흀jord Ii;SN71780;2019-12-01;3.8;1.4;-0.1;9.2
흀jord Ii;SN71780;2019-12-02;2.5;1.1;-1.5;12.7
흀jord Ii;SN71780;2019-12-03;7.5;5;0.4;6.3
흀jord Ii;SN71780;2019-12-04;8.3;6.4;3.6;34.5
흀jord Ii;SN71780;2019-12-05;6.5;3.4;1.5;4.3
흀jord Ii;SN71780;2019-12-06;4.5;3.2;1;15.3
흀jord Ii;SN71780;2019-12-07;4.2;1.6;0.5;14.8
흀jord Ii;SN71780;2019-12-08;2.7;-0.2;-1;16.5
흀jord Ii;SN71780;2019-12-09;-0.6;-2.4;-5;3
흀jord Ii;SN71780;2019-12-10;0.5;-1.4;-4.8;9.6
흀jord Ii;SN71780;2019-12-11;6.4;2.9;-1;9
흀jord Ii;SN71780;2019-12-12;6.6;5.7;5.1;0.1
흀jord Ii;SN71780;2019-12-13;5.4;0.7;-2.3;0.1
흀jord Ii;SN71780;2019-12-14;4.9;3.8;2.5;0
흀jord Ii;SN71780;2019-12-15;4;3.2;0.7;0
흀jord Ii;SN71780;2019-12-16;4.2;-0.4;-1.8;0
흀jord Ii;SN71780;2019-12-17;3.3;1;-0.2;6.9
흀jord Ii;SN71780;2019-12-18;0.3;-1.1;-2.3;2.3
흀jord Ii;SN71780;2019-12-19;3.4;0.9;-0.8;6.4
흀jord Ii;SN71780;2019-12-20;7.2;2.5;-2.3;0.1
흀jord Ii;SN71780;2019-12-21;8.9;5.8;3;0
흀jord Ii;SN71780;2019-12-22;4.9;2.1;1.8;1.7
흀jord Ii;SN71780;2019-12-23;2.2;1.3;-0.5;1.4
흀jord Ii;SN71780;2019-12-24;0.3;-1.7;-3.1;0.1
흀jord Ii;SN71780;2019-12-25;-1.4;-2.5;-4.6;0.1
흀jord Ii;SN71780;2019-12-26;-0.1;-1.1;-2.6;1.3
흀jord Ii;SN71780;2019-12-27;-1;-3.4;-5.7;0
흀jord Ii;SN71780;2019-12-28;4.2;0.9;-5;1.5
흀jord Ii;SN71780;2019-12-29;9.5;5.4;1.3;9.3
흀jord Ii;SN71780;2019-12-30;9;6.3;5.2;16.9
흀jord Ii;SN71780;2019-12-31;6.4;4.5;1.9;9.9
흀jord Ii;SN71780;2020-01-01;9;7.4;5.2;40.7
흀jord Ii;SN71780;2020-01-02;10.6;6.7;2.7;16.2
흀jord Ii;SN71780;2020-01-03;9.9;2.4;-0.8;11.7
흀jord Ii;SN71780;2020-01-04;4.6;2.1;0.4;8.4
흀jord Ii;SN71780;2020-01-05;6.4;3;-0.8;5.2
흀jord Ii;SN71780;2020-01-06;7.4;5;3.9;7.8
흀jord Ii;SN71780;2020-01-07;7.6;5;1;5.2
흀jord Ii;SN71780;2020-01-08;8.5;4.5;1.6;3.4
흀jord Ii;SN71780;2020-01-09;5.3;1.9;-0.3;12.4
흀jord Ii;SN71780;2020-01-10;3.3;1.8;-0.3;4.3
흀jord Ii;SN71780;2020-01-11;7.9;4.5;0.1;11.9
흀jord Ii;SN71780;2020-01-12;7.3;2.5;0.2;11.6
흀jord Ii;SN71780;2020-01-13;4.6;2.3;0.5;16
흀jord Ii;SN71780;2020-01-14;6.9;2.9;-0.3;4.2
흀jord Ii;SN71780;2020-01-15;4.7;1.9;-1.4;0
흀jord Ii;SN71780;2020-01-16;7.2;5.7;-1.1;0.5
흀jord Ii;SN71780;2020-01-17;6.8;4;2.7;3.8
흀jord Ii;SN71780;2020-01-18;5.8;1.6;-0.9;0
흀jord Ii;SN71780;2020-01-19;6.2;4.7;3.7;8.3
흀jord Ii;SN71780;2020-01-20;9.3;8;2.8;10.5
흀jord Ii;SN71780;2020-01-21;8.7;4.3;2.3;25.8
흀jord Ii;SN71780;2020-01-22;4.5;3.4;2.3;5.5
흀jord Ii;SN71780;2020-01-23;7.9;5.3;0.8;9.1
흀jord Ii;SN71780;2020-01-24;5.5;2.3;0.4;12.5
흀jord Ii;SN71780;2020-01-25;5.3;2.5;0.2;9.9
흀jord Ii;SN71780;2020-01-26;7.9;5.9;4.8;15.1
흀jord Ii;SN71780;2020-01-27;4.8;2.3;0;5.9
흀jord Ii;SN71780;2020-01-28;3.6;0.6;-2.3;0
흀jord Ii;SN71780;2020-01-29;1.9;0.7;-1;0
흀jord Ii;SN71780;2020-01-30;1.6;0.1;-1.8;0
흀jord Ii;SN71780;2020-01-31;5.6;3.2;-1.9;0
흀jord Ii;SN71780;2020-02-01;5.6;2.7;0.7;1
흀jord Ii;SN71780;2020-02-02;5.1;2.7;1.5;6.9
흀jord Ii;SN71780;2020-02-03;2.2;-2.3;-4.2;9.7
흀jord Ii;SN71780;2020-02-04;3.2;-2.5;-7.6;0.4
흀jord Ii;SN71780;2020-02-05;6.3;2.7;0.4;8.1
흀jord Ii;SN71780;2020-02-06;0.5;-0.1;-0.8;27.1
흀jord Ii;SN71780;2020-02-07;6.7;5;0.2;13.1
흀jord Ii;SN71780;2020-02-08;6.5;2.2;-1;0
흀jord Ii;SN71780;2020-02-09;7.7;5.5;1.1;0
흀jord Ii;SN71780;2020-02-10;6;3.9;2.1;2.9
흀jord Ii;SN71780;2020-02-11;4.9;1.2;0.2;18.6
흀jord Ii;SN71780;2020-02-12;4.2;1.7;-0.8;5.8
흀jord Ii;SN71780;2020-02-13;2.5;1.1;-0.3;10.8
흀jord Ii;SN71780;2020-02-14;2.1;-0.2;-1.7;3.9
흀jord Ii;SN71780;2020-02-15;6.7;4;0.2;1.4
흀jord Ii;SN71780;2020-02-16;8.2;5;3.2;1.4
흀jord Ii;SN71780;2020-02-17;8.9;5.6;0.4;0.5
흀jord Ii;SN71780;2020-02-18;5.8;4.3;3.6;1.1
흀jord Ii;SN71780;2020-02-19;4.4;-0.5;-2.3;8.6
흀jord Ii;SN71780;2020-02-20;5.5;2.5;-3.7;0
흀jord Ii;SN71780;2020-02-21;8.3;4.6;-0.4;1.6
흀jord Ii;SN71780;2020-02-22;6.8;2.9;1.4;3.3
흀jord Ii;SN71780;2020-02-23;3.9;2.3;0.7;16.7
흀jord Ii;SN71780;2020-02-24;2.2;0;-0.8;9.5
흀jord Ii;SN71780;2020-02-25;1.6;-2.2;-5;7.8
흀jord Ii;SN71780;2020-02-26;-1.5;-3.7;-7.1;0
흀jord Ii;SN71780;2020-02-27;-0.4;-3;-5.8;0
흀jord Ii;SN71780;2020-02-28;0.7;-2.1;-6.7;0
흀jord Ii;SN71780;2020-02-29;2;-3.5;-6.7;12.5
흀jord Ii;SN71780;2020-03-01;-2.4;-4;-7.6;1.3
흀jord Ii;SN71780;2020-03-02;-0.7;-2.5;-4.5;0.8
흀jord Ii;SN71780;2020-03-03;0.9;-1.4;-2.9;0
흀jord Ii;SN71780;2020-03-04;1.5;-0.1;-2;0
흀jord Ii;SN71780;2020-03-05;2.6;0.1;-2.5;1.7
흀jord Ii;SN71780;2020-03-06;5.5;2.3;-0.4;7.7
흀jord Ii;SN71780;2020-03-07;6.3;2.3;-1.5;2.1
흀jord Ii;SN71780;2020-03-08;9.2;4.8;1.4;3.4
흀jord Ii;SN71780;2020-03-09;8.6;4.5;1.1;2.4
흀jord Ii;SN71780;2020-03-10;6.6;3.5;-0.8;0.2
흀jord Ii;SN71780;2020-03-11;6;3.5;2.2;0.2
흀jord Ii;SN71780;2020-03-12;4.3;0.6;-0.2;3.9
흀jord Ii;SN71780;2020-03-13;1.4;-2.3;-4.2;14.2
흀jord Ii;SN71780;2020-03-14;2.1;-1.6;-7.2;5.1
흀jord Ii;SN71780;2020-03-15;8.9;3.4;-1;0.5
흀jord Ii;SN71780;2020-03-16;4.9;1.4;-4.6;1.8
흀jord Ii;SN71780;2020-03-17;7.3;4.4;0.2;0.1
흀jord Ii;SN71780;2020-03-18;4.3;2.7;0.3;7.8
흀jord Ii;SN71780;2020-03-19;4.6;1.8;-1.3;17.3
흀jord Ii;SN71780;2020-03-20;2.6;-0.8;-4.6;1.8
흀jord Ii;SN71780;2020-03-21;5.7;-0.1;-4;2
흀jord Ii;SN71780;2020-03-22;5.6;1;-4.9;0
흀jord Ii;SN71780;2020-03-23;10.9;5.7;1.6;0
흀jord Ii;SN71780;2020-03-24;8.9;5.3;3;0.8
흀jord Ii;SN71780;2020-03-25;7.7;4.2;3.4;27.1
흀jord Ii;SN71780;2020-03-26;8.5;3.5;-1.2;17.6
흀jord Ii;SN71780;2020-03-27;6.1;4.8;4;0.8
흀jord Ii;SN71780;2020-03-28;4.4;0.1;-2.1;9.8
흀jord Ii;SN71780;2020-03-29;3.8;0;-2.2;12.5
흀jord Ii;SN71780;2020-03-30;3.5;0.5;-4;8.1
흀jord Ii;SN71780;2020-03-31;5.9;4.5;0.8;8.1
흀jord Ii;SN71780;2020-04-01;6.3;2.8;0.6;7
흀jord Ii;SN71780;2020-04-02;3.8;0.9;-0.3;2.1
흀jord Ii;SN71780;2020-04-03;4.1;0.1;-1.7;14.8
흀jord Ii;SN71780;2020-04-04;1.9;-0.9;-2.6;7.2
흀jord Ii;SN71780;2020-04-05;5.5;0.7;-6.5;2.6
흀jord Ii;SN71780;2020-04-06;14.4;8.9;2.1;0.3
흀jord Ii;SN71780;2020-04-07;10.6;6.7;4.2;1.1
흀jord Ii;SN71780;2020-04-08;8.4;4.8;1.6;0
흀jord Ii;SN71780;2020-04-09;6.4;3.2;1;6.4
흀jord Ii;SN71780;2020-04-10;4.1;1.9;0.5;12.8
흀jord Ii;SN71780;2020-04-11;7.4;3.9;-0.3;1.2
흀jord Ii;SN71780;2020-04-12;7.3;3.9;0.3;10.1
흀jord Ii;SN71780;2020-04-13;3.5;1.2;-1.3;17.1
흀jord Ii;SN71780;2020-04-14;6.3;4;0.2;17
흀jord Ii;SN71780;2020-04-15;6.3;3.9;0.6;22.1
흀jord Ii;SN71780;2020-04-16;5.2;3.2;0.9;18.3
흀jord Ii;SN71780;2020-04-17;6.3;4;1.5;8.3
흀jord Ii;SN71780;2020-04-18;7.1;4.6;2;1
흀jord Ii;SN71780;2020-04-19;8.7;5.8;2.9;4.8
흀jord Ii;SN71780;2020-04-20;11;6;3.2;0
흀jord Ii;SN71780;2020-04-21;14.3;6.9;-0.6;0
흀jord Ii;SN71780;2020-04-22;11.8;5.8;-0.6;0
흀jord Ii;SN71780;2020-04-23;8;4.1;-0.7;0
흀jord Ii;SN71780;2020-04-24;8.4;5.4;4.1;3.8
흀jord Ii;SN71780;2020-04-25;6.3;4.7;4;3.1
흀jord Ii;SN71780;2020-04-26;7.3;2.9;1.3;4.3
흀jord Ii;SN71780;2020-04-27;8.8;3.9;-2.5;0.3
흀jord Ii;SN71780;2020-04-28;10.3;5.6;2.4;0
흀jord Ii;SN71780;2020-04-29;10.3;6.2;-0.7;0
흀jord Ii;SN71780;2020-04-30;11.3;7.8;5;0.1
흀jord Ii;SN71780;2020-05-01;11.6;7.2;5;0
흀jord Ii;SN71780;2020-05-02;7.1;5;3.2;0.9
흀jord Ii;SN71780;2020-05-03;7.5;5.1;4.3;10.8
흀jord Ii;SN71780;2020-05-04;8.2;4.1;0.8;7.8
흀jord Ii;SN71780;2020-05-05;7.2;5.3;1.4;4.7
흀jord Ii;SN71780;2020-05-06;6.8;4.8;3.2;2.9
흀jord Ii;SN71780;2020-05-07;7.2;4.7;2.5;11.6
흀jord Ii;SN71780;2020-05-08;8.5;4.6;3.3;5.5
흀jord Ii;SN71780;2020-05-09;5.8;2.5;-0.7;2.5
흀jord Ii;SN71780;2020-05-10;5.2;1.4;-0.1;6.4
흀jord Ii;SN71780;2020-05-11;5.8;1.9;-1.5;8.4
흀jord Ii;SN71780;2020-05-12;6.4;1.7;-1.2;8.8
흀jord Ii;SN71780;2020-05-13;5.1;1.6;-1.4;3.5
흀jord Ii;SN71780;2020-05-14;4.2;1.4;-0.7;8.8
흀jord Ii;SN71780;2020-05-15;5.4;2.3;0;8.6
흀jord Ii;SN71780;2020-05-16;4.4;2.7;0.5;10.5
흀jord Ii;SN71780;2020-05-17;8.4;3.7;0.5;9.5
흀jord Ii;SN71780;2020-05-18;7.3;3.7;-1.4;1.4
흀jord Ii;SN71780;2020-05-19;9.4;4.8;1;3.5
흀jord Ii;SN71780;2020-05-20;12.2;6.3;-0.8;0.2
흀jord Ii;SN71780;2020-05-21;16.9;10;0;0
흀jord Ii;SN71780;2020-05-22;19.1;13.1;4.3;0
흀jord Ii;SN71780;2020-05-23;16.9;13.5;9.8;4.1
흀jord Ii;SN71780;2020-05-24;17.2;12.7;8.9;0.1
흀jord Ii;SN71780;2020-05-25;14.3;9.7;7.9;0.5
흀jord Ii;SN71780;2020-05-26;17;10.2;4.5;0
흀jord Ii;SN71780;2020-05-27;11.3;8.6;6.9;2
흀jord Ii;SN71780;2020-05-28;9.4;8.4;6.8;4.2
흀jord Ii;SN71780;2020-05-29;11.6;9.2;6.5;2.3
흀jord Ii;SN71780;2020-05-30;22.2;16;6.6;0
흀jord Ii;SN71780;2020-05-31;26.1;17.4;9;0.2
흀jord Ii;SN71780;2020-06-01;21.1;15;8.4;0
흀jord Ii;SN71780;2020-06-02;16.4;12;7.6;0
흀jord Ii;SN71780;2020-06-03;12.1;10.6;9.4;0
흀jord Ii;SN71780;2020-06-04;21.3;16.6;9.8;1.8
흀jord Ii;SN71780;2020-06-05;22.7;17.9;11.3;0.1
흀jord Ii;SN71780;2020-06-06;20.2;15.7;12.2;0
흀jord Ii;SN71780;2020-06-07;18.2;8.7;7.1;0.8
흀jord Ii;SN71780;2020-06-08;10.7;7.1;5.9;6.4
흀jord Ii;SN71780;2020-06-09;17;9.8;0.4;0.7
흀jord Ii;SN71780;2020-06-10;21.6;14.6;5.3;0
흀jord Ii;SN71780;2020-06-11;19.6;13.6;5.2;0
흀jord Ii;SN71780;2020-06-12;27.2;17.8;4.9;0
흀jord Ii;SN71780;2020-06-13;24.9;20.5;15;0
흀jord Ii;SN71780;2020-06-14;23.8;17.5;9.1;0
흀jord Ii;SN71780;2020-06-15;20.3;15.3;12.9;0
흀jord Ii;SN71780;2020-06-16;27.3;19.4;10.9;0
흀jord Ii;SN71780;2020-06-17;25.7;19;12;0
흀jord Ii;SN71780;2020-06-18;21.2;15.9;11.5;0
흀jord Ii;SN71780;2020-06-19;24.7;17.9;7.9;0
흀jord Ii;SN71780;2020-06-20;31.3;24.9;12.2;0
흀jord Ii;SN71780;2020-06-21;29.3;24.3;20.5;0
흀jord Ii;SN71780;2020-06-22;28.2;15.8;13.2;0
흀jord Ii;SN71780;2020-06-23;24.4;17.5;10.8;0
흀jord Ii;SN71780;2020-06-24;25.3;19.7;12.7;0
흀jord Ii;SN71780;2020-06-25;23.4;18.1;12.8;0
흀jord Ii;SN71780;2020-06-26;28.1;20.8;11.6;0
흀jord Ii;SN71780;2020-06-27;33.2;24.9;14;0
흀jord Ii;SN71780;2020-06-28;30.7;23.8;20.7;0
흀jord Ii;SN71780;2020-06-29;25.8;14.7;13.1;1.1
흀jord Ii;SN71780;2020-06-30;13.5;10.9;9.5;8
흀jord Ii;SN71780;2020-07-01;11.9;8.4;5.2;2.4
흀jord Ii;SN71780;2020-07-02;15.5;9.7;3.4;5.6
흀jord Ii;SN71780;2020-07-03;15.2;8.9;3.9;0.5
흀jord Ii;SN71780;2020-07-04;15.8;11.4;7.1;19.9
흀jord Ii;SN71780;2020-07-05;21.2;15;5.2;0
흀jord Ii;SN71780;2020-07-06;17;12.3;10.3;0.3
흀jord Ii;SN71780;2020-07-07;14;11.1;9.4;0.5
흀jord Ii;SN71780;2020-07-08;13.6;10;6.2;1.7
흀jord Ii;SN71780;2020-07-09;13;10.6;9.1;4.5
흀jord Ii;SN71780;2020-07-10;15.9;12;6.1;1.6
흀jord Ii;SN71780;2020-07-11;13.4;10.8;7.8;0.3
흀jord Ii;SN71780;2020-07-12;12.1;9.6;8;10.6
흀jord Ii;SN71780;2020-07-13;17.4;11.6;8.8;16.4
흀jord Ii;SN71780;2020-07-14;19.2;14;6.3;0.3
흀jord Ii;SN71780;2020-07-15;22;16.8;10.4;0
흀jord Ii;SN71780;2020-07-16;19.8;15.5;11.7;0
흀jord Ii;SN71780;2020-07-17;17.6;13.7;12.3;0.6
흀jord Ii;SN71780;2020-07-18;22.5;15.1;10.5;11
흀jord Ii;SN71780;2020-07-19;20;14.5;11.3;1.4
흀jord Ii;SN71780;2020-07-20;15.8;12.6;10.7;5.2
흀jord Ii;SN71780;2020-07-21;13.9;11;9.8;1.5
흀jord Ii;SN71780;2020-07-22;13.7;10.5;8.5;18.1
흀jord Ii;SN71780;2020-07-23;13.5;10.8;7.1;18.2
흀jord Ii;SN71780;2020-07-24;12.1;10.5;9.1;8
흀jord Ii;SN71780;2020-07-25;13.3;10.9;10;19.7
흀jord Ii;SN71780;2020-07-26;23.5;16.4;5.4;3.1
흀jord Ii;SN71780;2020-07-27;20.2;16.3;13.1;4.6
흀jord Ii;SN71780;2020-07-28;23;19.1;13.5;6.4
흀jord Ii;SN71780;2020-07-29;23.3;17.3;14.7;0.6
흀jord Ii;SN71780;2020-07-30;15.6;14.1;13.3;0.8
흀jord Ii;SN71780;2020-07-31;19.8;14.8;13.4;3.2
흀jord Ii;SN71780;2020-08-01;25.9;18;10.8;0.1
흀jord Ii;SN71780;2020-08-02;21.3;15.6;11.9;0.1
흀jord Ii;SN71780;2020-08-03;15.1;12.4;11.5;9.3
흀jord Ii;SN71780;2020-08-04;15.1;12.2;10.8;37.8
흀jord Ii;SN71780;2020-08-05;20.2;15.2;8.2;2.8
흀jord Ii;SN71780;2020-08-06;18.5;15.6;13.8;4.2
흀jord Ii;SN71780;2020-08-07;26.7;19.2;12.9;0.1
흀jord Ii;SN71780;2020-08-08;23.3;16;13.5;0
흀jord Ii;SN71780;2020-08-09;17.2;12.8;8.7;4.1
흀jord Ii;SN71780;2020-08-10;23.1;15.1;7.2;0.1
흀jord Ii;SN71780;2020-08-11;20.2;14.5;9.7;0
흀jord Ii;SN71780;2020-08-12;20.3;14.6;9.7;0
흀jord Ii;SN71780;2020-08-13;18;14.6;10.5;0
흀jord Ii;SN71780;2020-08-14;15.7;13.9;12.8;3.4
흀jord Ii;SN71780;2020-08-15;14.7;13.8;11.2;3.4
흀jord Ii;SN71780;2020-08-16;17.2;13;11.7;37.1
흀jord Ii;SN71780;2020-08-17;20.7;13.3;5.1;0.2
흀jord Ii;SN71780;2020-08-18;21.5;15.1;7.8;0
흀jord Ii;SN71780;2020-08-19;19.4;15.3;11.8;0
흀jord Ii;SN71780;2020-08-20;22;16;12.9;2.8
흀jord Ii;SN71780;2020-08-21;26.1;20.1;13;0.1
흀jord Ii;SN71780;2020-08-22;22.2;18.2;15.9;0
흀jord Ii;SN71780;2020-08-23;15.9;11.6;10.7;2.8
흀jord Ii;SN71780;2020-08-24;11.3;8.8;7.3;10.1
흀jord Ii;SN71780;2020-08-25;13.3;10.6;8.1;18.4
흀jord Ii;SN71780;2020-08-26;15.8;10.6;9.1;33.6
흀jord Ii;SN71780;2020-08-27;15;9.3;5.6;0.5
흀jord Ii;SN71780;2020-08-28;17.2;10.3;4.3;0.1
흀jord Ii;SN71780;2020-08-29;15.8;9.9;5.7;0
흀jord Ii;SN71780;2020-08-30;14.3;8.1;5.8;2.4
흀jord Ii;SN71780;2020-08-31;14.6;7.6;1.9;4.4
흀jord Ii;SN71780;2020-09-01;18.4;10.8;3.8;0
흀jord Ii;SN71780;2020-09-02;21.2;13.7;5.3;0
흀jord Ii;SN71780;2020-09-03;21.1;16.7;10;0
흀jord Ii;SN71780;2020-09-04;17.8;13.2;11.2;3.8
흀jord Ii;SN71780;2020-09-05;15.2;10.1;6.4;15.8
흀jord Ii;SN71780;2020-09-06;15.7;10.3;5.6;1.2
흀jord Ii;SN71780;2020-09-07;15;10.9;7.5;1.1
흀jord Ii;SN71780;2020-09-08;14.4;11.8;9.7;12.9
흀jord Ii;SN71780;2020-09-09;12.1;10.1;8.4;12.2
흀jord Ii;SN71780;2020-09-10;9.5;8.3;7.6;21
흀jord Ii;SN71780;2020-09-11;14.1;10.4;6.3;10.5
흀jord Ii;SN71780;2020-09-12;12.6;9.4;7.7;4.7
흀jord Ii;SN71780;2020-09-13;12.5;10;6.3;19
흀jord Ii;SN71780;2020-09-14;12.4;9.2;7.7;9.1
흀jord Ii;SN71780;2020-09-15;13;8.9;4;0
흀jord Ii;SN71780;2020-09-16;11.4;8.2;6.5;8.8
흀jord Ii;SN71780;2020-09-17;11.7;8.4;5.8;2.9
흀jord Ii;SN71780;2020-09-18;13;11.1;7.4;18.8
흀jord Ii;SN71780;2020-09-19;11.5;9.5;8.5;12.3
흀jord Ii;SN71780;2020-09-20;12.5;11.3;7.8;4.5
흀jord Ii;SN71780;2020-09-21;14.7;10.9;8.6;7
흀jord Ii;SN71780;2020-09-22;11.4;8.7;7;20.3
흀jord Ii;SN71780;2020-09-23;13.8;9.3;6.1;3.3
흀jord Ii;SN71780;2020-09-24;16;9;3.2;4.4
흀jord Ii;SN71780;2020-09-25;15.5;7.9;6.1;4.6
흀jord Ii;SN71780;2020-09-26;10.7;5.5;1.5;2.7
흀jord Ii;SN71780;2020-09-27;15.6;11.5;4.6;0
흀jord Ii;SN71780;2020-09-28;20.5;16;10.8;0
흀jord Ii;SN71780;2020-09-29;18.3;12.8;10;0
흀jord Ii;SN71780;2020-09-30;18.2;13.3;9.8;0
흀jord Ii;SN71780;2020-10-01;18.5;15.1;9.3;0
흀jord Ii;SN71780;2020-10-02;16.1;13.6;12;0
흀jord Ii;SN71780;2020-10-03;15.5;13.4;11.6;0
흀jord Ii;SN71780;2020-10-04;15.9;14.2;12.6;0
흀jord Ii;SN71780;2020-10-05;14.9;13.1;12.3;0.4
흀jord Ii;SN71780;2020-10-06;16;11.8;7.2;0
흀jord Ii;SN71780;2020-10-07;12.6;10.6;8.6;0.2
흀jord Ii;SN71780;2020-10-08;13.7;9.4;6.6;3
흀jord Ii;SN71780;2020-10-09;10.6;8.7;7.7;4.6
흀jord Ii;SN71780;2020-10-10;9.8;8.1;7.1;1.3
흀jord Ii;SN71780;2020-10-11;10;8;5.9;1.2
흀jord Ii;SN71780;2020-10-12;8.8;6.9;6.1;14.5
흀jord Ii;SN71780;2020-10-13;8.9;6.2;3.8;14.4
흀jord Ii;SN71780;2020-10-14;7.6;5.9;2.7;0.8
흀jord Ii;SN71780;2020-10-15;8.3;7.5;6.3;2.8
흀jord Ii;SN71780;2020-10-16;8.4;7.4;6.2;5.3
흀jord Ii;SN71780;2020-10-17;7.8;6.2;4.7;15.6
흀jord Ii;SN71780;2020-10-18;6.8;3.6;2.4;11.7
흀jord Ii;SN71780;2020-10-19;5.8;1.4;-0.6;19.6
흀jord Ii;SN71780;2020-10-20;3.4;1.2;-1.7;1.5
흀jord Ii;SN71780;2020-10-21;4.4;1.6;1;0
흀jord Ii;SN71780;2020-10-22;4.3;-0.5;-2.9;0.1
흀jord Ii;SN71780;2020-10-23;3.9;0.3;-1.8;0.7
흀jord Ii;SN71780;2020-10-24;4.3;1.4;-1.7;0.9
흀jord Ii;SN71780;2020-10-25;12.6;7.4;0.8;0
흀jord Ii;SN71780;2020-10-26;9.3;4.1;2.1;5.1
흀jord Ii;SN71780;2020-10-27;7.9;1.9;-0.3;0
흀jord Ii;SN71780;2020-10-28;8.9;3.7;-0.5;0
흀jord Ii;SN71780;2020-10-29;8;2.6;0.8;0.2
흀jord Ii;SN71780;2020-10-30;8.4;4.4;-1;0
흀jord Ii;SN71780;2020-10-31;9;6.3;2.5;2
흀jord Ii;SN71780;2020-11-01;14.2;12;8.2;0
흀jord Ii;SN71780;2020-11-02;12.6;10.3;8.6;0.5
흀jord Ii;SN71780;2020-11-03;9.3;7;6.1;3.4
흀jord Ii;SN71780;2020-11-04;7.8;6.2;2.8;2.1
흀jord Ii;SN71780;2020-11-05;9.8;9.3;6.3;25.4
흀jord Ii;SN71780;2020-11-06;10.1;9.6;8.8;58.4
흀jord Ii;SN71780;2020-11-07;10.5;7.2;4.6;5.5
흀jord Ii;SN71780;2020-11-08;5.9;3.5;1.8;6.5
흀jord Ii;SN71780;2020-11-09;6;5;2.7;2.9
흀jord Ii;SN71780;2020-11-10;7.8;6.6;4.7;0
흀jord Ii;SN71780;2020-11-11;8.3;5.6;3;0.2
흀jord Ii;SN71780;2020-11-12;9.6;7.1;4.2;0
흀jord Ii;SN71780;2020-11-13;8.8;7.4;4;0
흀jord Ii;SN71780;2020-11-14;9.8;6.3;2.2;0
흀jord Ii;SN71780;2020-11-15;11.5;9.7;2.4;0
흀jord Ii;SN71780;2020-11-16;14.2;11.6;6.3;0
흀jord Ii;SN71780;2020-11-17;10.7;7.3;4.6;1
흀jord Ii;SN71780;2020-11-18;7.9;4.1;2;1.8
흀jord Ii;SN71780;2020-11-19;3.3;0.1;-2.7;8.1
흀jord Ii;SN71780;2020-11-20;4.1;1.3;-0.5;13.1
흀jord Ii;SN71780;2020-11-21;5.8;3.7;-0.3;7
흀jord Ii;SN71780;2020-11-22;7.7;6.5;3.6;28
흀jord Ii;SN71780;2020-11-23;7.2;3.2;0.4;16.8
흀jord Ii;SN71780;2020-11-24;4.9;3.3;0.1;10.8
흀jord Ii;SN71780;2020-11-25;7.8;5.3;2.8;0.6
흀jord Ii;SN71780;2020-11-26;5.4;2.5;0.1;12
흀jord Ii;SN71780;2020-11-27;4.7;1.5;0.2;4.9
흀jord Ii;SN71780;2020-11-28;0.8;-1.6;-2.5;0
흀jord Ii;SN71780;2020-11-29;1.3;0.4;-2;0.1
흀jord Ii;SN71780;2020-11-30;5.1;3;0.5;0
흀jord Ii;SN71780;2020-12-01;5;1.2;-0.5;6.8
흀jord Ii;SN71780;2020-12-02;4.3;2.4;-0.5;1.9
흀jord Ii;SN71780;2020-12-03;5.6;4.7;2.6;0.6
흀jord Ii;SN71780;2020-12-04;4.7;3.6;1.8;0
흀jord Ii;SN71780;2020-12-05;4.2;0.4;-0.7;0
흀jord Ii;SN71780;2020-12-06;3.4;1;-1.9;0.2
흀jord Ii;SN71780;2020-12-07;6.7;3.4;-1.7;0
흀jord Ii;SN71780;2020-12-08;7.3;6.3;5.8;0
흀jord Ii;SN71780;2020-12-09;6.3;4.3;3.2;0
흀jord Ii;SN71780;2020-12-10;5.1;3.4;-0.4;0
흀jord Ii;SN71780;2020-12-11;4.9;2.9;2.2;0
흀jord Ii;SN71780;2020-12-12;3.2;1.2;-0.4;0
흀jord Ii;SN71780;2020-12-13;2.5;-2.4;-3.6;0
흀jord Ii;SN71780;2020-12-14;5.9;4.5;-3.9;0.2
흀jord Ii;SN71780;2020-12-15;5;2.6;1.5;0
흀jord Ii;SN71780;2020-12-16;5.8;3;1.9;13
흀jord Ii;SN71780;2020-12-17;6.7;4.4;0.6;1.2
흀jord Ii;SN71780;2020-12-18;6.7;3.1;0.6;0.1
흀jord Ii;SN71780;2020-12-19;9;6.7;2.9;0
흀jord Ii;SN71780;2020-12-20;10.2;8.2;4.1;0.7
흀jord Ii;SN71780;2020-12-21;9.1;2.9;0.4;0
흀jord Ii;SN71780;2020-12-22;7;4.2;0.9;0.1
흀jord Ii;SN71780;2020-12-23;5.4;3.7;0.3;5.6
흀jord Ii;SN71780;2020-12-24;4.7;1.6;0.6;11.4
흀jord Ii;SN71780;2020-12-25;1.5;-1;-2.2;11.5
흀jord Ii;SN71780;2020-12-26;1.2;0.2;-0.7;0.4
흀jord Ii;SN71780;2020-12-27;7;5.5;-0.9;0
흀jord Ii;SN71780;2020-12-28;6.8;5.5;4.9;0
흀jord Ii;SN71780;2020-12-29;6;3.7;2.4;0
흀jord Ii;SN71780;2020-12-30;4;1.3;-0.6;0
흀jord Ii;SN71780;2020-12-31;1.8;-2.2;-4.4;0
흀jord Ii;SN71780;2021-01-01;-1.3;-3.8;-6.7;0.1
흀jord Ii;SN71780;2021-01-02;2.4;-2.3;-5.3;0
흀jord Ii;SN71780;2021-01-03;-5.2;-8.1;-8.8;0
흀jord Ii;SN71780;2021-01-04;-6.8;-8;-9.1;0
흀jord Ii;SN71780;2021-01-05;-4.3;-6.6;-8.3;0
흀jord Ii;SN71780;2021-01-06;-5.8;-7.8;-8.7;0
흀jord Ii;SN71780;2021-01-07;-5.6;-7.6;-9.8;0
흀jord Ii;SN71780;2021-01-08;-6.4;-9.6;-10.7;0
흀jord Ii;SN71780;2021-01-09;-0.6;-4.1;-9.8;0
흀jord Ii;SN71780;2021-01-10;1.3;-0.7;-1.9;2.7
흀jord Ii;SN71780;2021-01-11;-1.3;-4.6;-7.3;7.7
흀jord Ii;SN71780;2021-01-12;-2.3;-4.1;-7.4;0.9
흀jord Ii;SN71780;2021-01-13;-3.4;-8.9;-11.7;0.9
흀jord Ii;SN71780;2021-01-14;-11.5;-13.8;-14.4;0
흀jord Ii;SN71780;2021-01-15;-5.4;-9.4;-16.7;0.1
흀jord Ii;SN71780;2021-01-16;-1.8;-5;-8.4;0.1
흀jord Ii;SN71780;2021-01-17;-4;-9.7;-11.2;0
흀jord Ii;SN71780;2021-01-18;0.6;-4;-10.9;0.1
흀jord Ii;SN71780;2021-01-19;1.1;-4.2;-9;0
흀jord Ii;SN71780;2021-01-20;-0.4;-1.5;-2.7;0
흀jord Ii;SN71780;2021-01-21;0.6;-0.9;-2.4;1
흀jord Ii;SN71780;2021-01-22;6.4;3.8;-0.9;0.3
흀jord Ii;SN71780;2021-01-23;4.5;-2;-3.2;0
흀jord Ii;SN71780;2021-01-24;0.6;-1.1;-2.2;4.6
흀jord Ii;SN71780;2021-01-25;0.1;-7;-9.7;4.7
흀jord Ii;SN71780;2021-01-26;0.5;-2.3;-6.8;0.6
흀jord Ii;SN71780;2021-01-27;0.5;-3.7;-7.5;7.9
흀jord Ii;SN71780;2021-01-28;-1.9;-5.6;-9;9.7
흀jord Ii;SN71780;2021-01-29;-1.5;-2.6;-4.4;2.6
흀jord Ii;SN71780;2021-01-30;1;-2.7;-4.5;6.2
흀jord Ii;SN71780;2021-01-31;-0.1;-4;-7.7;6
흀jord Ii;SN71780;2021-02-01;-1.6;-5.9;-7.5;4.3
흀jord Ii;SN71780;2021-02-02;-5.2;-12.2;-13.9;0.5
흀jord Ii;SN71780;2021-02-03;-8.3;-11.3;-16.8;0.1
흀jord Ii;SN71780;2021-02-04;-9.5;-15.4;-17.6;0
흀jord Ii;SN71780;2021-02-05;-8.6;-14.5;-20.9;0.1
흀jord Ii;SN71780;2021-02-06;-7.7;-11.2;-17.2;0.2
흀jord Ii;SN71780;2021-02-07;-7.3;-11;-13.9;0.4
흀jord Ii;SN71780;2021-02-08;-5.2;-10.4;-14.4;2.9
흀jord Ii;SN71780;2021-02-09;-5.2;-12.8;-19.6;0
흀jord Ii;SN71780;2021-02-10;-4.9;-14.5;-18.2;12.8
흀jord Ii;SN71780;2021-02-11;-10.6;-17.7;-22.5;0.1
흀jord Ii;SN71780;2021-02-12;0.2;-6.8;-19.4;0.2
흀jord Ii;SN71780;2021-02-13;2.5;0.9;-1.3;6.5
흀jord Ii;SN71780;2021-02-14;2.9;0.1;-2.3;38.5
흀jord Ii;SN71780;2021-02-15;-0.6;-2.8;-5.1;0.2
흀jord Ii;SN71780;2021-02-16;-2.6;-4.8;-9.1;0
흀jord Ii;SN71780;2021-02-17;0.3;-0.2;-3.2;0
흀jord Ii;SN71780;2021-02-18;3.1;1.1;-3.1;0
흀jord Ii;SN71780;2021-02-19;6.3;3.2;1;1.4
흀jord Ii;SN71780;2021-02-20;4.3;2.7;0.4;1.1
흀jord Ii;SN71780;2021-02-21;9.2;4.7;1.3;2.2
흀jord Ii;SN71780;2021-02-22;5.4;2.3;-0.2;0.3
흀jord Ii;SN71780;2021-02-23;6.6;4.6;1.5;7.5
흀jord Ii;SN71780;2021-02-24;8.7;5;2.4;0
흀jord Ii;SN71780;2021-02-25;8.6;4.9;2.1;4
흀jord Ii;SN71780;2021-02-26;6.5;4.8;1.7;6.4
흀jord Ii;SN71780;2021-02-27;7.2;6;3.4;6.2
흀jord Ii;SN71780;2021-02-28;6.5;6;5.6;13.3
흀jord Ii;SN71780;2021-03-01;6.8;4.8;3;11.7
흀jord Ii;SN71780;2021-03-02;6.3;3.6;-0.9;26.7
흀jord Ii;SN71780;2021-03-03;6.1;2.6;-0.2;3.7
흀jord Ii;SN71780;2021-03-04;2.7;-0.6;-3.1;8.9
흀jord Ii;SN71780;2021-03-05;4;0.5;-4.3;11.9
흀jord Ii;SN71780;2021-03-06;5.3;1.3;-3.1;23.6
흀jord Ii;SN71780;2021-03-07;2.3;-2.2;-7;12.6
흀jord Ii;SN71780;2021-03-08;1.9;-1.1;-6.1;1
흀jord Ii;SN71780;2021-03-09;3.1;0.2;-1.4;9.8
흀jord Ii;SN71780;2021-03-10;1.2;-0.6;-2.9;0.1
흀jord Ii;SN71780;2021-03-11;4.3;2.1;-0.4;0
흀jord Ii;SN71780;2021-03-12;6.4;2.9;0.8;0.9
흀jord Ii;SN71780;2021-03-13;6.3;1.8;-0.7;0
흀jord Ii;SN71780;2021-03-14;5.5;-0.1;-5.3;0
흀jord Ii;SN71780;2021-03-15;5.9;1.7;-2;1.9
흀jord Ii;SN71780;2021-03-16;3.5;1.5;-1.3;4.9
흀jord Ii;SN71780;2021-03-17;4.4;0.5;-3.3;4.8
흀jord Ii;SN71780;2021-03-18;7.3;2.9;0.4;6.7
흀jord Ii;SN71780;2021-03-19;5.5;3.1;-1.3;2.4
흀jord Ii;SN71780;2021-03-20;6.2;4.8;3.1;5.6
흀jord Ii;SN71780;2021-03-21;4;1.8;-0.4;16.8
흀jord Ii;SN71780;2021-03-22;6.6;5.8;2.6;21.3
흀jord Ii;SN71780;2021-03-23;8.6;6.6;6;10.2
흀jord Ii;SN71780;2021-03-24;7.9;5;2.8;0.1
흀jord Ii;SN71780;2021-03-25;6.8;4.1;2.2;8.8
흀jord Ii;SN71780;2021-03-26;10.1;6.8;1.5;2.1
흀jord Ii;SN71780;2021-03-27;9.3;4.6;3.5;0.8
흀jord Ii;SN71780;2021-03-28;10.3;4.9;-0.6;2.5
흀jord Ii;SN71780;2021-03-29;10.1;6;2.7;0.4
흀jord Ii;SN71780;2021-03-30;7.3;4.6;3.5;7.9
흀jord Ii;SN71780;2021-03-31;5.5;3.2;0.2;6.4
흀jord Ii;SN71780;2021-04-01;5.2;3.9;1.9;8
흀jord Ii;SN71780;2021-04-02;5.2;2.5;0.8;7.4
흀jord Ii;SN71780;2021-04-03;5.8;4.7;0.6;6.4
흀jord Ii;SN71780;2021-04-04;6.1;3.9;-0.4;16.6
흀jord Ii;SN71780;2021-04-05;4.4;1.7;-1.9;13.6
흀jord Ii;SN71780;2021-04-06;6.6;3;0.7;11.4
흀jord Ii;SN71780;2021-04-07;5;1;-0.2;13
흀jord Ii;SN71780;2021-04-08;3.9;0.1;-4.1;7.6
흀jord Ii;SN71780;2021-04-09;4.9;0.8;-0.6;6.7
흀jord Ii;SN71780;2021-04-10;4.9;1.3;-2;9.4
흀jord Ii;SN71780;2021-04-11;7.6;2.1;-1.2;13.4
흀jord Ii;SN71780;2021-04-12;5.9;1.1;-3.8;1.2
흀jord Ii;SN71780;2021-04-13;5;1.8;-1.7;0.2
흀jord Ii;SN71780;2021-04-14;7.3;3.4;0;4.1
흀jord Ii;SN71780;2021-04-15;7.1;3.8;0.1;1.5
흀jord Ii;SN71780;2021-04-16;11.3;5.3;0.2;1.2
흀jord Ii;SN71780;2021-04-17;12.5;4.9;-1.8;0
흀jord Ii;SN71780;2021-04-18;17;8.2;-0.4;0
흀jord Ii;SN71780;2021-04-19;16.9;8.6;-0.2;0
흀jord Ii;SN71780;2021-04-20;17.7;7.8;1.4;0
흀jord Ii;SN71780;2021-04-21;8.2;3.7;2.3;5.6
흀jord Ii;SN71780;2021-04-22;5.8;2;-2.3;0.7
흀jord Ii;SN71780;2021-04-23;5;1.1;-1.7;8.1
흀jord Ii;SN71780;2021-04-24;6.7;1.5;-1.5;8.9
흀jord Ii;SN71780;2021-04-25;5.9;1.9;-1.6;5.4
흀jord Ii;SN71780;2021-04-26;6.7;2.1;-1.3;1.5
흀jord Ii;SN71780;2021-04-27;7.5;2;-3;0.6
흀jord Ii;SN71780;2021-04-28;6.5;1.4;-2.2;0
흀jord Ii;SN71780;2021-04-29;7.7;1.9;-3.5;5.7
흀jord Ii;SN71780;2021-04-30;6.9;2.2;-1.7;0.6
흀jord Ii;SN71780;2021-05-01;7.2;2.5;-0.1;5
흀jord Ii;SN71780;2021-05-02;6.7;1.1;-3.4;0.5
흀jord Ii;SN71780;2021-05-03;8.6;3.4;-2.8;3.2
흀jord Ii;SN71780;2021-05-04;9.1;4.9;-1.2;0
흀jord Ii;SN71780;2021-05-05;10;6;4.5;0
흀jord Ii;SN71780;2021-05-06;9;3.8;-1.6;0
흀jord Ii;SN71780;2021-05-07;8.4;2.7;-3.4;0
흀jord Ii;SN71780;2021-05-08;8;2.7;-1.6;0.6
흀jord Ii;SN71780;2021-05-09;12.4;6.1;-1.8;7.5
흀jord Ii;SN71780;2021-05-10;16.8;10.7;2.7;0
흀jord Ii;SN71780;2021-05-11;19.9;13.6;7.7;1.2
흀jord Ii;SN71780;2021-05-12;16.3;7.8;2.6;0.1
흀jord Ii;SN71780;2021-05-13;11.7;8.6;6.5;1
흀jord Ii;SN71780;2021-05-14;15.5;11;7.1;0
흀jord Ii;SN71780;2021-05-15;17.1;13;8.4;0
흀jord Ii;SN71780;2021-05-16;15.5;11.3;7.7;0
흀jord Ii;SN71780;2021-05-17;15.2;10.7;8.1;3.5
흀jord Ii;SN71780;2021-05-18;10.3;8.4;7.7;9.2
흀jord Ii;SN71780;2021-05-19;12.2;9.3;7.2;5.3
흀jord Ii;SN71780;2021-05-20;11.3;7.7;5.5;0.3
흀jord Ii;SN71780;2021-05-21;15.4;8.9;4.6;5
흀jord Ii;SN71780;2021-05-22;18.7;12.3;3.9;0
흀jord Ii;SN71780;2021-05-23;16.9;11.3;7.3;0
흀jord Ii;SN71780;2021-05-24;19.6;13.3;5.7;4.2
흀jord Ii;SN71780;2021-05-25;20.6;14.8;7.8;0
흀jord Ii;SN71780;2021-05-26;20.4;14.3;6.6;0
흀jord Ii;SN71780;2021-05-27;18;12.5;8.2;0
흀jord Ii;SN71780;2021-05-28;14;7.8;2.2;0
흀jord Ii;SN71780;2021-05-29;16.8;10.5;2.4;0
흀jord Ii;SN71780;2021-05-30;15.9;10.2;5.2;0
흀jord Ii;SN71780;2021-05-31;15.7;11.1;6.1;0
흀jord Ii;SN71780;2021-06-01;26;16.8;5.4;0
흀jord Ii;SN71780;2021-06-02;26.9;17.2;9;0
흀jord Ii;SN71780;2021-06-03;27.6;17.8;6.9;0
흀jord Ii;SN71780;2021-06-04;25.3;18.3;10.4;0
흀jord Ii;SN71780;2021-06-05;19.9;14.9;8.8;0
흀jord Ii;SN71780;2021-06-06;19.5;13.3;9.2;0.2
흀jord Ii;SN71780;2021-06-07;19.1;13.7;11.7;0.2
흀jord Ii;SN71780;2021-06-08;18.6;13.2;7.8;0.1
흀jord Ii;SN71780;2021-06-09;22.1;15.3;7.8;0
흀jord Ii;SN71780;2021-06-10;23;17.7;10.8;0
흀jord Ii;SN71780;2021-06-11;23.6;15.2;13;0
흀jord Ii;SN71780;2021-06-12;13.4;10.5;9.8;12
흀jord Ii;SN71780;2021-06-13;11.6;9.8;8.2;11.2
흀jord Ii;SN71780;2021-06-14;13;10.9;9.4;11.9
흀jord Ii;SN71780;2021-06-15;10.9;8.9;7.1;17
흀jord Ii;SN71780;2021-06-16;17.9;11.9;5.1;7.4
흀jord Ii;SN71780;2021-06-17;18.4;13.6;11.4;0.5
흀jord Ii;SN71780;2021-06-18;14.2;11.7;10.9;4.2
흀jord Ii;SN71780;2021-06-19;14.7;11.3;6.6;4.9
흀jord Ii;SN71780;2021-06-20;18.9;14.3;8.2;0.1
흀jord Ii;SN71780;2021-06-21;16.4;12.4;11.4;2.5
흀jord Ii;SN71780;2021-06-22;16.3;11.7;8.7;0.3
흀jord Ii;SN71780;2021-06-23;16.1;12.1;6;0
흀jord Ii;SN71780;2021-06-24;14.3;12.2;10.8;0.1
흀jord Ii;SN71780;2021-06-25;15.4;11.4;9.7;0.4
흀jord Ii;SN71780;2021-06-26;17.4;11.4;4.2;0.7
흀jord Ii;SN71780;2021-06-27;12.9;11.2;6.6;0
흀jord Ii;SN71780;2021-06-28;13.9;11.9;10.5;0.6
흀jord Ii;SN71780;2021-06-29;14.7;11.3;10.2;5.2
흀jord Ii;SN71780;2021-06-30;18.8;12.8;4.7;2.2
흀jord Ii;SN71780;2021-07-01;26.5;18.4;6.8;0.1
흀jord Ii;SN71780;2021-07-02;26.1;18.8;11.7;0
흀jord Ii;SN71780;2021-07-03;28.2;18.9;10.5;0
흀jord Ii;SN71780;2021-07-04;26.9;17.7;12.4;0
흀jord Ii;SN71780;2021-07-05;29.7;22.2;12.7;3.2
흀jord Ii;SN71780;2021-07-06;26.1;20.6;16.7;0
흀jord Ii;SN71780;2021-07-07;24.3;18.1;12.9;0
흀jord Ii;SN71780;2021-07-08;24.5;18;13.8;0
흀jord Ii;SN71780;2021-07-09;26.3;19.9;11.1;0.2
흀jord Ii;SN71780;2021-07-10;23.6;17;13;0
흀jord Ii;SN71780;2021-07-11;17.3;15.9;15.2;14.1
흀jord Ii;SN71780;2021-07-12;22.7;17.3;11.1;10.3
흀jord Ii;SN71780;2021-07-13;21.3;16.9;11.6;0
흀jord Ii;SN71780;2021-07-14;23.3;17.4;12.2;0
흀jord Ii;SN71780;2021-07-15;18.2;14.7;13.4;0.4
흀jord Ii;SN71780;2021-07-16;16.7;14.4;12.4;1.3
흀jord Ii;SN71780;2021-07-17;14.6;13.1;11.8;4.4
흀jord Ii;SN71780;2021-07-18;12.2;11.3;10.6;29.8
흀jord Ii;SN71780;2021-07-19;12.6;11.5;10.7;15.9
흀jord Ii;SN71780;2021-07-20;13.3;10.8;9.7;4.6
흀jord Ii;SN71780;2021-07-21;14.4;11.7;8.8;2
흀jord Ii;SN71780;2021-07-22;12.6;11.4;11;11
흀jord Ii;SN71780;2021-07-23;16.1;12.2;10.4;6.9
흀jord Ii;SN71780;2021-07-24;22.7;15.7;7.9;0
흀jord Ii;SN71780;2021-07-25;19.1;13.6;9.6;0
흀jord Ii;SN71780;2021-07-26;30.3;21.5;11;0
흀jord Ii;SN71780;2021-07-27;28.3;23.3;16.3;0
흀jord Ii;SN71780;2021-07-28;29.4;22;14.8;0
흀jord Ii;SN71780;2021-07-29;26.3;18.8;13.6;0
흀jord Ii;SN71780;2021-07-30;20.3;11.8;10.4;0.2
흀jord Ii;SN71780;2021-07-31;14.3;11.5;9.6;0
흀jord Ii;SN71780;2021-08-01;14;10.4;7.8;1.1
흀jord Ii;SN71780;2021-08-02;14.7;10.4;7.3;4.2
흀jord Ii;SN71780;2021-08-03;16;10.5;5.3;0.8
흀jord Ii;SN71780;2021-08-04;17.7;11.7;3.9;0
흀jord Ii;SN71780;2021-08-05;22.1;15.4;8.8;0
흀jord Ii;SN71780;2021-08-06;25;17.4;9.2;1.8
흀jord Ii;SN71780;2021-08-07;24;17.9;10.9;0
흀jord Ii;SN71780;2021-08-08;21.2;15.8;13.2;1.5
흀jord Ii;SN71780;2021-08-09;25;17.7;10;0.7
흀jord Ii;SN71780;2021-08-10;21.6;15.8;10.4;0
흀jord Ii;SN71780;2021-08-11;18;14.2;12.5;0
흀jord Ii;SN71780;2021-08-12;23.5;16.7;10.2;0
흀jord Ii;SN71780;2021-08-13;19.4;15.2;11.7;0
흀jord Ii;SN71780;2021-08-14;15.7;13.6;12.9;3.2
흀jord Ii;SN71780;2021-08-15;14.8;12.8;11.2;13.7
흀jord Ii;SN71780;2021-08-16;14.1;11.9;10.6;0.2
흀jord Ii;SN71780;2021-08-17;16.2;12;9;0
흀jord Ii;SN71780;2021-08-18;13.5;10.5;5.5;0
흀jord Ii;SN71780;2021-08-19;12.2;11.1;10.3;30.7
흀jord Ii;SN71780;2021-08-20;12.9;10.7;10.3;31
흀jord Ii;SN71780;2021-08-21;14.4;9.9;7.3;2.9
흀jord Ii;SN71780;2021-08-22;14.2;9.7;5.7;0.2
흀jord Ii;SN71780;2021-08-23;13.3;10.2;8.1;0
흀jord Ii;SN71780;2021-08-24;13.5;10.4;6.8;0.3
흀jord Ii;SN71780;2021-08-25;13.7;11.4;10.7;85.6
흀jord Ii;SN71780;2021-08-26;18;10.8;4.7;2
흀jord Ii;SN71780;2021-08-27;19.2;12.9;7.2;0
흀jord Ii;SN71780;2021-08-28;19.1;12.4;6.1;0
흀jord Ii;SN71780;2021-08-29;16.3;11.2;5;0
흀jord Ii;SN71780;2021-08-30;14.5;12;9.7;0
흀jord Ii;SN71780;2021-08-31;13.3;12.2;11.1;4
흀jord Ii;SN71780;2021-09-01;12.5;11.6;10.3;21.3
흀jord Ii;SN71780;2021-09-02;13;11.9;10.6;11.2
흀jord Ii;SN71780;2021-09-03;12.5;8;4.8;13.7
흀jord Ii;SN71780;2021-09-04;15;8.3;3.4;2.9
흀jord Ii;SN71780;2021-09-05;14.9;9;2.7;0
흀jord Ii;SN71780;2021-09-06;13.2;11.2;8.2;0
흀jord Ii;SN71780;2021-09-07;14;13.1;11.5;11
흀jord Ii;SN71780;2021-09-08;13.8;-;10.9;105.5
흀jord Ii;SN71780;2021-09-09;15.1;-;8.6;31.5
흀jord Ii;SN71780;2021-09-10;13.7;10.1;4.9;0.5
흀jord Ii;SN71780;2021-09-11;16;13.1;11.2;0.3
흀jord Ii;SN71780;2021-09-12;13.5;10.8;9.6;0
흀jord Ii;SN71780;2021-09-13;11.1;8;5.9;10.3
흀jord Ii;SN71780;2021-09-14;14.7;8.6;5.6;0.1
흀jord Ii;SN71780;2021-09-15;17.7;9.6;3.3;0
흀jord Ii;SN71780;2021-09-16;18;11.9;6.7;0
흀jord Ii;SN71780;2021-09-17;16.1;12.8;11.1;0
흀jord Ii;SN71780;2021-09-18;16.2;11.4;8.3;0
흀jord Ii;SN71780;2021-09-19;17.8;12.2;7.3;0
흀jord Ii;SN71780;2021-09-20;14.2;10.9;5.9;0
흀jord Ii;SN71780;2021-09-21;13;10.3;8.2;5.1
흀jord Ii;SN71780;2021-09-22;15.2;10.5;8.9;5.5
흀jord Ii;SN71780;2021-09-23;12.3;8.3;6.3;3.9
흀jord Ii;SN71780;2021-09-24;10.5;7.8;5.5;7.5
흀jord Ii;SN71780;2021-09-25;11.5;9.5;8.2;14.1
흀jord Ii;SN71780;2021-09-26;15.8;12.7;7.6;2.3
흀jord Ii;SN71780;2021-09-27;19.1;15.8;10.2;0
흀jord Ii;SN71780;2021-09-28;16.7;12.7;10.3;0.9
흀jord Ii;SN71780;2021-09-29;17.5;13.2;8.5;1.7
흀jord Ii;SN71780;2021-09-30;14.6;13.2;12.2;0
흀jord Ii;SN71780;2021-10-01;16.2;13.5;10;0
흀jord Ii;SN71780;2021-10-02;18.5;14.8;10.9;1.1
흀jord Ii;SN71780;2021-10-03;17.6;14.6;10.9;0
흀jord Ii;SN71780;2021-10-04;18.7;13.3;8.8;2.3
흀jord Ii;SN71780;2021-10-05;16.6;9.1;4.8;0
흀jord Ii;SN71780;2021-10-06;13;8.5;4.8;0.2
흀jord Ii;SN71780;2021-10-07;10.6;9.2;7.9;7.5
흀jord Ii;SN71780;2021-10-08;13.5;10.9;6.9;14.9
흀jord Ii;SN71780;2021-10-09;13.8;11.9;10;4.8
흀jord Ii;SN71780;2021-10-10;12.7;10.2;8.8;13.3
흀jord Ii;SN71780;2021-10-11;8.8;7.4;6.4;10.6
흀jord Ii;SN71780;2021-10-12;8.9;5.2;2.5;21.9
흀jord Ii;SN71780;2021-10-13;6;4.4;1.3;10.9
흀jord Ii;SN71780;2021-10-14;10.8;8.7;4.8;30.3
흀jord Ii;SN71780;2021-10-15;8.6;4.5;2.8;35.9
흀jord Ii;SN71780;2021-10-16;6.4;4.2;1.6;22.7
흀jord Ii;SN71780;2021-10-17;8.9;4;1.3;20.4
흀jord Ii;SN71780;2021-10-18;5.8;2.9;0;10.1
흀jord Ii;SN71780;2021-10-19;6.1;4.8;0;0
흀jord Ii;SN71780;2021-10-20;9.7;7.3;5.5;27.9
흀jord Ii;SN71780;2021-10-21;7.8;5.9;3.1;7
흀jord Ii;SN71780;2021-10-22;7.1;3.3;0.3;26.6
흀jord Ii;SN71780;2021-10-23;7.1;3.7;0.8;10.4
흀jord Ii;SN71780;2021-10-24;7.3;5.8;3;6.7
흀jord Ii;SN71780;2021-10-25;9.2;6.9;6.1;10.2
흀jord Ii;SN71780;2021-10-26;9;5.6;4.2;0.9
흀jord Ii;SN71780;2021-10-27;10.8;8.7;2.6;1.1
흀jord Ii;SN71780;2021-10-28;10.9;9.2;8.6;9.3
흀jord Ii;SN71780;2021-10-29;10.1;9.3;8.1;10.5
흀jord Ii;SN71780;2021-10-30;13.5;9.2;4.9;1.5
흀jord Ii;SN71780;2021-10-31;12.8;9.1;4.6;0
흀jord Ii;SN71780;2021-11-01;14.1;10.5;3.7;10.1
흀jord Ii;SN71780;2021-11-02;12.8;11.3;10.4;0
흀jord Ii;SN71780;2021-11-03;11.2;2.8;1;0
흀jord Ii;SN71780;2021-11-04;4.1;2.1;-1;0.1
흀jord Ii;SN71780;2021-11-05;6.3;5;3.6;10.4
흀jord Ii;SN71780;2021-11-06;6.1;2.7;-0.4;17.5
흀jord Ii;SN71780;2021-11-07;2.9;-0.9;-3.1;1.1
흀jord Ii;SN71780;2021-11-08;0.4;-1.4;-4.5;0.1
흀jord Ii;SN71780;2021-11-09;8.6;4.6;0;3.7
흀jord Ii;SN71780;2021-11-10;8.2;6.4;2.2;5.1
흀jord Ii;SN71780;2021-11-11;7.9;5.2;1.7;12.4
흀jord Ii;SN71780;2021-11-12;6.7;2.3;-0.3;14.2
흀jord Ii;SN71780;2021-11-13;1.2;-1;-2.3;4.6
흀jord Ii;SN71780;2021-11-14;2.4;-0.9;-4.8;0.2
흀jord Ii;SN71780;2021-11-15;7.3;2.7;-0.4;0.2
흀jord Ii;SN71780;2021-11-16;8;5.4;3.9;4.2
흀jord Ii;SN71780;2021-11-17;8.6;5.2;4.2;5.3
흀jord Ii;SN71780;2021-11-18;5;3.7;2.5;6.4
흀jord Ii;SN71780;2021-11-19;5.6;2.9;0.2;19.2
흀jord Ii;SN71780;2021-11-20;5.6;1.7;0.2;26.6
흀jord Ii;SN71780;2021-11-21;1.5;-0.1;-1.6;19.3
흀jord Ii;SN71780;2021-11-22;5.8;3.3;-1.2;18.2
흀jord Ii;SN71780;2021-11-23;8.6;6;2.1;5.2
흀jord Ii;SN71780;2021-11-24;6.4;3.6;1.1;40.4
흀jord Ii;SN71780;2021-11-25;3.7;0.1;-1.1;16.7
흀jord Ii;SN71780;2021-11-26;-0.9;-3.2;-5.9;14
흀jord Ii;SN71780;2021-11-27;-4.7;-8.3;-9.7;1.7
흀jord Ii;SN71780;2021-11-28;-9.3;-11.6;-12.7;0.1
흀jord Ii;SN71780;2021-11-29;-4.3;-6.7;-13.4;0
흀jord Ii;SN71780;2021-11-30;-3.9;-5.8;-7.7;0
흀jord Ii;SN71780;2021-12-01;0.8;-2.1;-6;14.1
흀jord Ii;SN71780;2021-12-02;-2.6;-9.7;-14.8;11.5
흀jord Ii;SN71780;2021-12-03;-6.8;-10.1;-16.8;0.1
흀jord Ii;SN71780;2021-12-04;-2;-2.8;-6.9;0
흀jord Ii;SN71780;2021-12-05;-2.1;-5.8;-6.7;0
흀jord Ii;SN71780;2021-12-06;-6.4;-7.9;-8.8;0
흀jord Ii;SN71780;2021-12-07;-5.8;-6.5;-8.6;0
흀jord Ii;SN71780;2021-12-08;-0.3;-2.5;-7;0
흀jord Ii;SN71780;2021-12-09;1.8;1;-0.9;0
흀jord Ii;SN71780;2021-12-10;2.2;-1.1;-3.8;0
흀jord Ii;SN71780;2021-12-11;3.8;2;-6;0
흀jord Ii;SN71780;2021-12-12;3.8;0.8;-2.2;0
흀jord Ii;SN71780;2021-12-13;5.5;1.8;-0.3;0.9
흀jord Ii;SN71780;2021-12-14;5.8;3.9;-0.1;1.4
흀jord Ii;SN71780;2021-12-15;7.3;6;2.5;3.2
흀jord Ii;SN71780;2021-12-16;7.4;6.6;4.4;9.4
흀jord Ii;SN71780;2021-12-17;8.2;7.5;6.1;4.4
흀jord Ii;SN71780;2021-12-18;8.2;6.6;3.9;105.7
흀jord Ii;SN71780;2021-12-19;5.6;3.7;1.8;31.7
흀jord Ii;SN71780;2021-12-20;5;0.1;-0.9;10.1
흀jord Ii;SN71780;2021-12-21;0.7;0.2;-0.5;2.1
흀jord Ii;SN71780;2021-12-22;0.1;-2.3;-4;5.1
흀jord Ii;SN71780;2021-12-23;3.1;-3.3;-7.1;0.6
흀jord Ii;SN71780;2021-12-24;-4.6;-9.5;-12.9;5.8
흀jord Ii;SN71780;2021-12-25;0;-2.4;-11.2;15
흀jord Ii;SN71780;2021-12-26;-0.8;-2.1;-3.5;7.7
흀jord Ii;SN71780;2021-12-27;-1.4;-4.8;-6.5;10.3
흀jord Ii;SN71780;2021-12-28;-3.6;-7.8;-9.4;0
흀jord Ii;SN71780;2021-12-29;-0.1;-3.8;-10.8;0
흀jord Ii;SN71780;2021-12-30;1.6;-1.8;-3.8;2.7
흀jord Ii;SN71780;2021-12-31;3.5;0.5;-2.3;2.2
흀jord Ii;SN71780;2022-01-01;-0.1;-3.5;-8.3;1.5
흀jord Ii;SN71780;2022-01-02;3.8;1.8;-0.4;3.7
흀jord Ii;SN71780;2022-01-03;5.5;2.1;0.2;7.5
흀jord Ii;SN71780;2022-01-04;0.3;-4.2;-6.5;9.3
흀jord Ii;SN71780;2022-01-05;-4.9;-6.5;-9.3;0.2
흀jord Ii;SN71780;2022-01-06;-2.7;-6.6;-8.6;8.9
흀jord Ii;SN71780;2022-01-07;-2.3;-5.1;-10.9;1.2
흀jord Ii;SN71780;2022-01-08;-1.7;-3.9;-5;0.4
흀jord Ii;SN71780;2022-01-09;-0.4;-2.1;-8.8;0.1
흀jord Ii;SN71780;2022-01-10;-0.3;-3.6;-8.8;0
흀jord Ii;SN71780;2022-01-11;4.4;3.2;-1.5;0.1
흀jord Ii;SN71780;2022-01-12;7.5;6.5;1.6;1.7
흀jord Ii;SN71780;2022-01-13;7.6;5.8;3.3;61.3
흀jord Ii;SN71780;2022-01-14;5.4;2.9;0.6;23.6
흀jord Ii;SN71780;2022-01-15;5.5;3.4;1;4.7
흀jord Ii;SN71780;2022-01-16;6.8;2.7;-0.1;7.8
흀jord Ii;SN71780;2022-01-17;4.3;2.1;-0.8;27.7
흀jord Ii;SN71780;2022-01-18;7.4;6.2;0.2;8.3
흀jord Ii;SN71780;2022-01-19;8;2.2;-2.1;25.9
흀jord Ii;SN71780;2022-01-20;1.3;-0.6;-3.5;18.7
흀jord Ii;SN71780;2022-01-21;2.9;0.5;-1.1;5.3
흀jord Ii;SN71780;2022-01-22;8.1;5.9;-0.5;17.1
흀jord Ii;SN71780;2022-01-23;9.3;8.1;7;5.6
흀jord Ii;SN71780;2022-01-24;9.6;4;1.8;13.5
흀jord Ii;SN71780;2022-01-25;3.6;0.6;-1.2;10.3
흀jord Ii;SN71780;2022-01-26;4.6;3;-0.2;10
흀jord Ii;SN71780;2022-01-27;3.7;1.7;-0.6;17.8
흀jord Ii;SN71780;2022-01-28;3.4;1.5;-0.5;7.9
흀jord Ii;SN71780;2022-01-29;5.6;2.2;0.1;7.5
흀jord Ii;SN71780;2022-01-30;3.4;0.4;-2.4;18.1
흀jord Ii;SN71780;2022-01-31;-1.8;-3.4;-5.3;1.1
흀jord Ii;SN71780;2022-02-01;-1.9;-4.8;-6.6;2.2
흀jord Ii;SN71780;2022-02-02;-3.9;-6.7;-10.8;0.1
흀jord Ii;SN71780;2022-02-03;-0.9;-1.8;-4.2;11.9
흀jord Ii;SN71780;2022-02-04;2.7;1.4;-1.5;1.2
흀jord Ii;SN71780;2022-02-05;3.5;1.2;-1.1;8.7
흀jord Ii;SN71780;2022-02-06;3.4;0.8;-2.8;6.3
흀jord Ii;SN71780;2022-02-07;3.2;1.2;-0.7;17.8
흀jord Ii;SN71780;2022-02-08;3.9;2.5;0.3;2.8
흀jord Ii;SN71780;2022-02-09;3.4;1.8;0.5;8.7
흀jord Ii;SN71780;2022-02-10;3.5;1;-1.2;14.7
흀jord Ii;SN71780;2022-02-11;1.7;-0.3;-1.7;14.1
흀jord Ii;SN71780;2022-02-12;3.5;1.4;0;9.8
흀jord Ii;SN71780;2022-02-13;4.4;1.9;0.2;2.8
흀jord Ii;SN71780;2022-02-14;0.5;-3;-5.4;4.6
흀jord Ii;SN71780;2022-02-15;-1.9;-2.3;-5.7;0
흀jord Ii;SN71780;2022-02-16;0.8;-1.3;-2.2;0
흀jord Ii;SN71780;2022-02-17;-1.8;-4.1;-8.1;0
흀jord Ii;SN71780;2022-02-18;0.6;-1.5;-5.5;9.1
흀jord Ii;SN71780;2022-02-19;2.6;0.2;-1.5;12.7
흀jord Ii;SN71780;2022-02-20;1.7;-0.6;-2.5;10.2
흀jord Ii;SN71780;2022-02-21;-0.2;-4;-8.5;3.4
흀jord Ii;SN71780;2022-02-22;-0.4;-4.8;-10.9;2.4
흀jord Ii;SN71780;2022-02-23;5.2;2.6;-2.1;1.9
흀jord Ii;SN71780;2022-02-24;5.7;1.8;-1.3;2.7
흀jord Ii;SN71780;2022-02-25;3.3;0.3;-1.9;9.1
흀jord Ii;SN71780;2022-02-26;2.9;-0.1;-3.8;4.6
흀jord Ii;SN71780;2022-02-27;8.7;2;-2.1;0
흀jord Ii;SN71780;2022-02-28;6.3;2.3;-3.6;0
흀jord Ii;SN71780;2022-03-01;6.1;3.5;1.1;1.5
흀jord Ii;SN71780;2022-03-02;4.8;3.2;2.5;9
흀jord Ii;SN71780;2022-03-03;5.2;0.7;-0.5;9.1
흀jord Ii;SN71780;2022-03-04;4.6;-1.4;-5;0
흀jord Ii;SN71780;2022-03-05;4.1;0.8;-3.5;0
흀jord Ii;SN71780;2022-03-06;5.5;4.1;0.5;13.9
흀jord Ii;SN71780;2022-03-07;5.8;5.1;4;22.2
흀jord Ii;SN71780;2022-03-08;7.9;3.8;0.5;2.5
흀jord Ii;SN71780;2022-03-09;10.7;3.3;-2.6;0
흀jord Ii;SN71780;2022-03-10;7.3;4.2;1;0
흀jord Ii;SN71780;2022-03-11;9.8;6.1;2.7;0.6
흀jord Ii;SN71780;2022-03-12;11.5;7;-0.5;0
흀jord Ii;SN71780;2022-03-13;10.5;4.8;0.1;0
흀jord Ii;SN71780;2022-03-14;12.3;4.3;-0.6;0
흀jord Ii;SN71780;2022-03-15;9.5;2.6;-2.1;0
흀jord Ii;SN71780;2022-03-16;8.7;3.6;-3.1;0
흀jord Ii;SN71780;2022-03-17;8.6;6.6;4.3;0
흀jord Ii;SN71780;2022-03-18;7;3.8;2;0.7
흀jord Ii;SN71780;2022-03-19;11.7;7.5;1.5;3.8
흀jord Ii;SN71780;2022-03-20;13.9;4;-0.5;0
흀jord Ii;SN71780;2022-03-21;11;2.6;-2.6;0
흀jord Ii;SN71780;2022-03-22;7.5;2.6;-3.5;0
흀jord Ii;SN71780;2022-03-23;8.8;5.9;3.6;0
흀jord Ii;SN71780;2022-03-24;7.7;6.6;4.6;34.7
흀jord Ii;SN71780;2022-03-25;7.5;5.4;3.1;35.6
흀jord Ii;SN71780;2022-03-26;5.3;2.1;1.2;4
흀jord Ii;SN71780;2022-03-27;7.3;5.2;-0.3;19.3
흀jord Ii;SN71780;2022-03-28;6.6;1.6;0.4;31.3
흀jord Ii;SN71780;2022-03-29;3.7;-1.3;-5;3.2
흀jord Ii;SN71780;2022-03-30;3.6;-0.7;-3.8;1.7
흀jord Ii;SN71780;2022-03-31;3.2;-1.7;-4.4;3.9
흀jord Ii;SN71780;2022-04-01;3.6;-2.4;-9;1.7
흀jord Ii;SN71780;2022-04-02;2.5;0.9;-2.3;9.9
흀jord Ii;SN71780;2022-04-03;3.9;0.5;-0.5;10.2
흀jord Ii;SN71780;2022-04-04;3.4;-0.6;-2.1;11.1
흀jord Ii;SN71780;2022-04-05;3.8;-2.4;-6.9;1.5
흀jord Ii;SN71780;2022-04-06;4.4;-0.2;-6.8;3.1
흀jord Ii;SN71780;2022-04-07;4.4;-0.9;-7.1;0
흀jord Ii;SN71780;2022-04-08;2.8;-1.4;-8.4;0
흀jord Ii;SN71780;2022-04-09;6.3;2;-0.5;8.5
흀jord Ii;SN71780;2022-04-10;5.6;4;-1.6;0.4
흀jord Ii;SN71780;2022-04-11;4.7;3.6;2.7;4.8
흀jord Ii;SN71780;2022-04-12;7.3;3.4;1.6;28.4
흀jord Ii;SN71780;2022-04-13;10.2;3.8;-1.1;0.5
흀jord Ii;SN71780;2022-04-14;8.7;2.8;-3.3;0
흀jord Ii;SN71780;2022-04-15;11.2;4.6;-3;0
흀jord Ii;SN71780;2022-04-16;11.2;6;2;0
흀jord Ii;SN71780;2022-04-17;15;7;-0.2;0
흀jord Ii;SN71780;2022-04-18;17.4;10.4;2.6;0
흀jord Ii;SN71780;2022-04-19;16.2;8.5;1.3;0
흀jord Ii;SN71780;2022-04-20;17;8.5;-0.3;0
흀jord Ii;SN71780;2022-04-21;16.6;7.8;0.1;0
흀jord Ii;SN71780;2022-04-22;12.1;6.4;0.4;0
흀jord Ii;SN71780;2022-04-23;14.2;7.1;-0.8;0
흀jord Ii;SN71780;2022-04-24;14.3;7.5;0.4;0
흀jord Ii;SN71780;2022-04-25;9.5;4.9;1.9;0.2
흀jord Ii;SN71780;2022-04-26;5.7;1.9;0.7;2.5
흀jord Ii;SN71780;2022-04-27;4.8;1.6;-3.3;8.2
흀jord Ii;SN71780;2022-04-28;6.6;3.7;0.3;7.3
흀jord Ii;SN71780;2022-04-29;6.8;3.3;0.2;3.5
흀jord Ii;SN71780;2022-04-30;7.6;5.5;2.8;4.5
흀jord Ii;SN71780;2022-05-01;8.8;6.8;4.5;5.7
흀jord Ii;SN71780;2022-05-02;7.2;4.8;3.4;6.3
흀jord Ii;SN71780;2022-05-03;5.6;1.8;-0.4;5
흀jord Ii;SN71780;2022-05-04;8.6;3.6;-2.8;1.2
흀jord Ii;SN71780;2022-05-05;8;6.4;4.4;1.2
흀jord Ii;SN71780;2022-05-06;12;8.1;5.2;2.5
흀jord Ii;SN71780;2022-05-07;7;3.6;1.8;6.1
흀jord Ii;SN71780;2022-05-08;8;5.1;0.4;12.1
흀jord Ii;SN71780;2022-05-09;13.3;8.2;3.5;3.5
흀jord Ii;SN71780;2022-05-10;15.9;10.2;6.9;1.6
흀jord Ii;SN71780;2022-05-11;16.3;9.5;6.3;2.6
흀jord Ii;SN71780;2022-05-12;10.1;7.2;4.5;6
흀jord Ii;SN71780;2022-05-13;12.1;7.2;5.2;5.9
흀jord Ii;SN71780;2022-05-14;7.6;6.3;5;9.8
흀jord Ii;SN71780;2022-05-15;7.7;5.4;4.5;6.9
흀jord Ii;SN71780;2022-05-16;9;4.7;-0.2;0.7
흀jord Ii;SN71780;2022-05-17;16.7;7.6;-1.5;0
흀jord Ii;SN71780;2022-05-18;19.6;10.9;1;0
흀jord Ii;SN71780;2022-05-19;19.6;13.5;9.4;0
흀jord Ii;SN71780;2022-05-20;18.4;13.3;8.9;0
흀jord Ii;SN71780;2022-05-21;16.8;12.2;8.2;0
흀jord Ii;SN71780;2022-05-22;16.8;11.6;8.5;2.8
흀jord Ii;SN71780;2022-05-23;19.7;14.7;7.8;0
흀jord Ii;SN71780;2022-05-24;20.3;15.3;9.9;0
흀jord Ii;SN71780;2022-05-25;18;12;9.7;0
흀jord Ii;SN71780;2022-05-26;17.3;10.3;3.9;1.3
흀jord Ii;SN71780;2022-05-27;10.5;8.9;6.6;0
흀jord Ii;SN71780;2022-05-28;8.7;6.8;5.9;8.8
흀jord Ii;SN71780;2022-05-29;12.6;8.1;5.4;55.3
흀jord Ii;SN71780;2022-05-30;20.1;14;4.4;0.4
흀jord Ii;SN71780;2022-05-31;21.9;14.8;8.4;0
흀jord Ii;SN71780;2022-06-01;17;11.8;7.4;1.1
흀jord Ii;SN71780;2022-06-02;17.2;12.6;10;8.1
흀jord Ii;SN71780;2022-06-03;12;9.7;9.2;0
흀jord Ii;SN71780;2022-06-04;10.1;8.4;7.5;4.5
흀jord Ii;SN71780;2022-06-05;10.2;7.2;6;8.1
흀jord Ii;SN71780;2022-06-06;15.7;10.2;0.3;0.2
흀jord Ii;SN71780;2022-06-07;16.4;11.5;7;0
흀jord Ii;SN71780;2022-06-08;16.6;11;7.2;0
흀jord Ii;SN71780;2022-06-09;14.9;10.3;3.9;0
흀jord Ii;SN71780;2022-06-10;17.5;12.1;4;0
흀jord Ii;SN71780;2022-06-11;20.2;13.8;8.7;3.6
흀jord Ii;SN71780;2022-06-12;19.2;12.7;9;0.3
흀jord Ii;SN71780;2022-06-13;12;10.3;9.6;4.1
흀jord Ii;SN71780;2022-06-14;12.4;10;8.6;17.8
흀jord Ii;SN71780;2022-06-15;11.7;10.8;9.8;14.6
흀jord Ii;SN71780;2022-06-16;16.5;12.4;10;16.5
흀jord Ii;SN71780;2022-06-17;19.7;15;10.1;0.2
흀jord Ii;SN71780;2022-06-18;18.6;11.2;8.7;7.2
흀jord Ii;SN71780;2022-06-19;15.3;10.2;4.3;3.6
흀jord Ii;SN71780;2022-06-20;18.9;13;4.4;0
흀jord Ii;SN71780;2022-06-21;14.6;9.7;8.7;6.2
흀jord Ii;SN71780;2022-06-22;14.1;10.8;6.1;4.9
흀jord Ii;SN71780;2022-06-23;12.4;11.4;9.6;20.6
흀jord Ii;SN71780;2022-06-24;25.1;18;11.7;9.9
흀jord Ii;SN71780;2022-06-25;29.3;21.2;12.2;0
흀jord Ii;SN71780;2022-06-26;30;22.9;14.7;1.7
흀jord Ii;SN71780;2022-06-27;25.7;17.4;15.6;0
흀jord Ii;SN71780;2022-06-28;16.6;13;11.6;7.9
흀jord Ii;SN71780;2022-06-29;19.8;15.5;11.5;13.4
흀jord Ii;SN71780;2022-06-30;27.7;20.2;11.1;0
흀jord Ii;SN71780;2022-07-01;29.4;23.1;13.9;0
흀jord Ii;SN71780;2022-07-02;24.4;15.7;12.7;0
흀jord Ii;SN71780;2022-07-03;22;15.6;10.1;13.5
흀jord Ii;SN71780;2022-07-04;22.8;15.5;10.9;0.1
흀jord Ii;SN71780;2022-07-05;15.2;11.9;10.8;17
흀jord Ii;SN71780;2022-07-06;11.9;10.5;8.9;12.3
흀jord Ii;SN71780;2022-07-07;11.9;10.3;9.4;21.1
흀jord Ii;SN71780;2022-07-08;12.8;11;9.5;24.5
흀jord Ii;SN71780;2022-07-09;11.4;10.3;9.7;10.3
흀jord Ii;SN71780;2022-07-10;12.9;10.8;9.1;10.9
흀jord Ii;SN71780;2022-07-11;17.5;12.8;7.8;0.1
흀jord Ii;SN71780;2022-07-12;25.1;16.7;10;0.1
흀jord Ii;SN71780;2022-07-13;15.7;12.6;11.4;0.7
흀jord Ii;SN71780;2022-07-14;12.9;10.1;9.3;8.6
흀jord Ii;SN71780;2022-07-15;11.9;10.5;9.7;9.2
흀jord Ii;SN71780;2022-07-16;11.5;9.8;8.6;2.7
흀jord Ii;SN71780;2022-07-17;13;10.7;8.5;4.8
흀jord Ii;SN71780;2022-07-18;14;12.2;10.8;5.8
흀jord Ii;SN71780;2022-07-19;18.6;13.4;9.6;3.3
흀jord Ii;SN71780;2022-07-20;21.4;17;12.1;1.5
흀jord Ii;SN71780;2022-07-21;17.5;12.8;11.8;21.5
흀jord Ii;SN71780;2022-07-22;13.7;11.5;10.4;3.8
흀jord Ii;SN71780;2022-07-23;16.9;12.1;6.3;0.4
흀jord Ii;SN71780;2022-07-24;20.6;14.6;8.1;0.7
흀jord Ii;SN71780;2022-07-25;26.4;18.2;13.2;0.7
흀jord Ii;SN71780;2022-07-26;16.4;12.7;11.7;33.1
흀jord Ii;SN71780;2022-07-27;11.9;10;9.1;24.9
흀jord Ii;SN71780;2022-07-28;15.4;11.6;8.3;6.4
흀jord Ii;SN71780;2022-07-29;22.9;15.7;10;0
흀jord Ii;SN71780;2022-07-30;24.3;15.8;9.7;0
흀jord Ii;SN71780;2022-07-31;19;12.7;10.3;0.3
흀jord Ii;SN71780;2022-08-01;15;10.9;9.9;10.5
흀jord Ii;SN71780;2022-08-02;18.9;13.4;4.5;3
흀jord Ii;SN71780;2022-08-03;19.4;14.7;11.6;2.4
흀jord Ii;SN71780;2022-08-04;15.8;12.2;10.5;13.9
흀jord Ii;SN71780;2022-08-05;16;12.2;9.7;6.5
흀jord Ii;SN71780;2022-08-06;13.5;11;10;3.5
흀jord Ii;SN71780;2022-08-07;18.4;13;9.4;13.5
흀jord Ii;SN71780;2022-08-08;17.8;12.6;6;0
흀jord Ii;SN71780;2022-08-09;16.4;14.2;12.4;8.3
흀jord Ii;SN71780;2022-08-10;21.1;16.3;13.5;25.9
흀jord Ii;SN71780;2022-08-11;17.8;12.8;10.9;26.2
흀jord Ii;SN71780;2022-08-12;16.1;12.5;9.8;8.6
흀jord Ii;SN71780;2022-08-13;16.6;13.2;10.4;0.1
흀jord Ii;SN71780;2022-08-14;23.9;16.9;10.5;0
흀jord Ii;SN71780;2022-08-15;26.5;19.4;12.7;0
흀jord Ii;SN71780;2022-08-16;22.9;18.5;15;0
흀jord Ii;SN71780;2022-08-17;17.5;10.8;10.1;5.7
흀jord Ii;SN71780;2022-08-18;21.2;14.3;4.3;3.6
흀jord Ii;SN71780;2022-08-19;24.9;16.6;13;0
흀jord Ii;SN71780;2022-08-20;16.5;12.6;8.2;0
흀jord Ii;SN71780;2022-08-21;19.5;13.3;9.5;0.3
흀jord Ii;SN71780;2022-08-22;14.4;11.4;9.8;17.5
흀jord Ii;SN71780;2022-08-23;20.6;14;8.1;4.1
흀jord Ii;SN71780;2022-08-24;25.3;17.5;10.6;0
흀jord Ii;SN71780;2022-08-25;24.6;18.1;13.9;0
흀jord Ii;SN71780;2022-08-26;21;15.5;13.1;0
흀jord Ii;SN71780;2022-08-27;14.6;12;11.3;1
흀jord Ii;SN71780;2022-08-28;14.2;10.7;9.3;13.9
흀jord Ii;SN71780;2022-08-29;14;10.6;8.1;2.2
흀jord Ii;SN71780;2022-08-30;15.4;9.7;5.3;0
흀jord Ii;SN71780;2022-08-31;13.1;9;4.7;0.2
흀jord Ii;SN71780;2022-09-01;16.2;9.7;4.4;0.5
흀jord Ii;SN71780;2022-09-02;18.6;10.9;4.1;0
흀jord Ii;SN71780;2022-09-03;17.3;10;3.8;0
흀jord Ii;SN71780;2022-09-04;19.2;11.9;5.1;0
흀jord Ii;SN71780;2022-09-05;20.6;12;5.8;0
흀jord Ii;SN71780;2022-09-06;17.1;9;3.2;0
흀jord Ii;SN71780;2022-09-07;18.4;9;1.4;0
흀jord Ii;SN71780;2022-09-08;19.7;11.4;5;0
흀jord Ii;SN71780;2022-09-09;17.9;11.2;5.1;0
흀jord Ii;SN71780;2022-09-10;16.3;9.4;4.2;0
흀jord Ii;SN71780;2022-09-11;14.8;9.1;3.7;0
흀jord Ii;SN71780;2022-09-12;16.8;11.5;5.4;0
흀jord Ii;SN71780;2022-09-13;15.9;12.5;10.5;0.8
흀jord Ii;SN71780;2022-09-14;13.1;11.4;10.6;17.3
흀jord Ii;SN71780;2022-09-15;12.8;10.4;8.5;4.9
흀jord Ii;SN71780;2022-09-16;12.7;10.9;10.1;7.3
흀jord Ii;SN71780;2022-09-17;13.6;10.3;8.8;15.9
흀jord Ii;SN71780;2022-09-18;11.9;9.6;8.7;12.9
흀jord Ii;SN71780;2022-09-19;11.7;8.6;7.6;12.9
흀jord Ii;SN71780;2022-09-20;13.2;7.1;4.3;6.5
흀jord Ii;SN71780;2022-09-21;12.6;7.8;2;0
흀jord Ii;SN71780;2022-09-22;16.1;11.3;7.3;0.9
흀jord Ii;SN71780;2022-09-23;12.7;10.6;10.1;3.5
흀jord Ii;SN71780;2022-09-24;12.8;8.6;4.9;6.3
흀jord Ii;SN71780;2022-09-25;14.7;9.8;3.5;0
흀jord Ii;SN71780;2022-09-26;13.9;11.6;9.3;1.6
흀jord Ii;SN71780;2022-09-27;15.2;13.2;11.3;0
흀jord Ii;SN71780;2022-09-28;17.2;13.5;10.8;0
흀jord Ii;SN71780;2022-09-29;14.8;11;6.7;0
흀jord Ii;SN71780;2022-09-30;14.8;10.2;6.5;0.7
흀jord Ii;SN71780;2022-10-01;15.7;11.3;8.7;0
흀jord Ii;SN71780;2022-10-02;13.1;9.8;7.3;0
흀jord Ii;SN71780;2022-10-03;12;9.9;7.9;3.8
흀jord Ii;SN71780;2022-10-04;13.1;10.4;8.3;16.9
흀jord Ii;SN71780;2022-10-05;12;9.3;5.6;17.7
흀jord Ii;SN71780;2022-10-06;11.4;9.1;6.2;2
흀jord Ii;SN71780;2022-10-07;12;8.7;6.1;5.7
흀jord Ii;SN71780;2022-10-08;8.6;7.4;5.6;5
흀jord Ii;SN71780;2022-10-09;10.6;8;6.3;24.7
흀jord Ii;SN71780;2022-10-10;13.2;10.2;6.2;3.8
흀jord Ii;SN71780;2022-10-11;9.5;6.8;5.6;7.3
흀jord Ii;SN71780;2022-10-12;8.2;6.5;4;10.8
흀jord Ii;SN71780;2022-10-13;9.1;6.3;4;6.5
흀jord Ii;SN71780;2022-10-14;12.7;5.7;0.6;6.3
흀jord Ii;SN71780;2022-10-15;9.1;5.9;3.1;1.9
흀jord Ii;SN71780;2022-10-16;11.6;6.1;2.6;9.8
흀jord Ii;SN71780;2022-10-17;8.7;4.4;0.8;1.7
흀jord Ii;SN71780;2022-10-18;6.4;4.6;2;2
흀jord Ii;SN71780;2022-10-19;8.1;7;4.5;8.4
흀jord Ii;SN71780;2022-10-20;7.4;6.2;5.6;6.9
흀jord Ii;SN71780;2022-10-21;9.5;3.6;1;2.8
흀jord Ii;SN71780;2022-10-22;8.1;3.6;-0.9;0.1
흀jord Ii;SN71780;2022-10-23;6.3;2.5;-0.5;2.6
흀jord Ii;SN71780;2022-10-24;9.6;5.1;-0.9;0.2
흀jord Ii;SN71780;2022-10-25;10.6;8.3;5.3;0
흀jord Ii;SN71780;2022-10-26;10.2;8;6.4;0
흀jord Ii;SN71780;2022-10-27;9.4;8.1;6.4;5.6
흀jord Ii;SN71780;2022-10-28;10.9;9.3;8;12.1
흀jord Ii;SN71780;2022-10-29;11;7.3;6.1;22.6
흀jord Ii;SN71780;2022-10-30;6.9;4.3;1.2;3.5
흀jord Ii;SN71780;2022-10-31;8.9;7.4;3.8;8.2
흀jord Ii;SN71780;2022-11-01;11.1;8.4;3.7;7.1
흀jord Ii;SN71780;2022-11-02;13.3;8.7;5.8;0
흀jord Ii;SN71780;2022-11-03;12.5;8.4;5.8;12.7
흀jord Ii;SN71780;2022-11-04;13.3;11.2;5.4;0
흀jord Ii;SN71780;2022-11-05;11.5;8.6;7.3;0.9
흀jord Ii;SN71780;2022-11-06;7.4;2.2;0.2;2.1
흀jord Ii;SN71780;2022-11-07;4.4;0.2;-1.9;0
흀jord Ii;SN71780;2022-11-08;5.4;2.9;-0.2;0.2
흀jord Ii;SN71780;2022-11-09;5.7;4.6;3.8;0.5
흀jord Ii;SN71780;2022-11-10;8.9;6.4;3.3;10.3
흀jord Ii;SN71780;2022-11-11;11.8;9.9;7.6;6.1
흀jord Ii;SN71780;2022-11-12;10.3;9.5;8.2;16
흀jord Ii;SN71780;2022-11-13;9.3;4.8;2.7;1.3
흀jord Ii;SN71780;2022-11-14;9.7;6.9;4.7;0
흀jord Ii;SN71780;2022-11-15;8.1;6.3;3.4;0
흀jord Ii;SN71780;2022-11-16;6.9;4.8;3.9;0
흀jord Ii;SN71780;2022-11-17;7.6;4.6;0.3;0
흀jord Ii;SN71780;2022-11-18;4.7;2.8;-0.8;0
흀jord Ii;SN71780;2022-11-19;4.2;-0.4;-1.9;0
흀jord Ii;SN71780;2022-11-20;1.1;-2.6;-4.6;0
흀jord Ii;SN71780;2022-11-21;-1;-2.7;-8.2;0
흀jord Ii;SN71780;2022-11-22;1;-0.1;-2.3;0
흀jord Ii;SN71780;2022-11-23;3.8;2.7;0.5;0
흀jord Ii;SN71780;2022-11-24;4.8;3.6;1.6;0
흀jord Ii;SN71780;2022-11-25;6.2;5.6;4.2;0
흀jord Ii;SN71780;2022-11-26;6.2;4.8;1.9;0
흀jord Ii;SN71780;2022-11-27;10;7;4.4;0
흀jord Ii;SN71780;2022-11-28;8.9;6.7;5;1.5
흀jord Ii;SN71780;2022-11-29;6.8;5.1;4.7;0
흀jord Ii;SN71780;2022-11-30;4.8;1.2;0;0.2
흀jord Ii;SN71780;2022-12-01;1.8;-0.2;-1.7;1.9
흀jord Ii;SN71780;2022-12-02;1.9;-0.3;-3.1;0
흀jord Ii;SN71780;2022-12-03;0.6;-5.6;-6.5;0
흀jord Ii;SN71780;2022-12-04;-1.7;-3.7;-7.4;0.1
흀jord Ii;SN71780;2022-12-05;4.6;1.4;-1.7;1.1
흀jord Ii;SN71780;2022-12-06;4.4;-0.3;-2.3;8.4
흀jord Ii;SN71780;2022-12-07;3;0.3;-3.9;15.2
흀jord Ii;SN71780;2022-12-08;0.6;-3.7;-5.4;9.1
흀jord Ii;SN71780;2022-12-09;-3.8;-8.5;-11.1;0
흀jord Ii;SN71780;2022-12-10;-8.1;-11.8;-14.9;0
흀jord Ii;SN71780;2022-12-11;-6.3;-9.9;-15.3;0.1
흀jord Ii;SN71780;2022-12-12;-4.8;-6.6;-9.4;0
흀jord Ii;SN71780;2022-12-13;-6.3;-15.4;-17.5;0
흀jord Ii;SN71780;2022-12-14;-5.8;-9.3;-17.4;0.9
흀jord Ii;SN71780;2022-12-15;0.8;-3.5;-13.2;7.5
흀jord Ii;SN71780;2022-12-16;-0.7;-2.5;-6;23.5
흀jord Ii;SN71780;2022-12-17;-1;-7.1;-9.9;21.5
흀jord Ii;SN71780;2022-12-18;3;-0.3;-9.1;0.1
흀jord Ii;SN71780;2022-12-19;2;-1.6;-5.1;6
흀jord Ii;SN71780;2022-12-20;2.5;1.3;-0.2;0.3
흀jord Ii;SN71780;2022-12-21;1.9;0.1;-1;1.8
흀jord Ii;SN71780;2022-12-22;0.4;-2.8;-6.6;5.1
흀jord Ii;SN71780;2022-12-23;0.1;-2.4;-7.6;6.1
흀jord Ii;SN71780;2022-12-24;1.1;-0.7;-2.8;4.2
흀jord Ii;SN71780;2022-12-25;2.8;-2;-8.2;4
흀jord Ii;SN71780;2022-12-26;6.6;3.2;0.5;0
흀jord Ii;SN71780;2022-12-27;4.1;2.3;-0.5;1
흀jord Ii;SN71780;2022-12-28;2.2;-2;-5.6;9.2
흀jord Ii;SN71780;2022-12-29;4.8;2.1;-3.6;0
흀jord Ii;SN71780;2022-12-30;5.3;2.1;-0.5;3.8
흀jord Ii;SN71780;2022-12-31;7.2;3.3;-0.1;2.3
흀jord Ii;SN71780;2023-01-01;2.1;-1.5;-5.8;10.3
흀jord Ii;SN71780;2023-01-02;-2.2;-7.9;-10.4;0.3
흀jord Ii;SN71780;2023-01-03;-5.1;-7.9;-9.8;0.2
흀jord Ii;SN71780;2023-01-04;-1.5;-3.5;-11.3;0
흀jord Ii;SN71780;2023-01-05;-2.2;-2.9;-4;0
흀jord Ii;SN71780;2023-01-06;-1.5;-2;-2.6;0
흀jord Ii;SN71780;2023-01-07;1.5;0.2;-2.1;3.3
흀jord Ii;SN71780;2023-01-08;7.6;6.2;-0.1;3.4
흀jord Ii;SN71780;2023-01-09;7.2;5.8;3.8;0
흀jord Ii;SN71780;2023-01-10;6.4;4.2;1.4;0
흀jord Ii;SN71780;2023-01-11;7.2;4.8;2.1;0
흀jord Ii;SN71780;2023-01-12;7.9;4.1;2.5;6.2
흀jord Ii;SN71780;2023-01-13;3.3;-1.4;-3.2;10.7
흀jord Ii;SN71780;2023-01-14;-0.9;-1.8;-4.8;0.6
흀jord Ii;SN71780;2023-01-15;0.6;-1.1;-2.5;0
흀jord Ii;SN71780;2023-01-16;0.7;-2;-3.7;1
흀jord Ii;SN71780;2023-01-17;3.4;1.1;-4.6;8.3
흀jord Ii;SN71780;2023-01-18;2.8;-0.6;-3.5;0
흀jord Ii;SN71780;2023-01-19;-0.4;-2.6;-5;4.1
흀jord Ii;SN71780;2023-01-20;2.2;-0.1;-4.1;2.6
흀jord Ii;SN71780;2023-01-21;0.8;0.2;-0.6;8.8
흀jord Ii;SN71780;2023-01-22;3.3;-0.7;-3.5;0.1
흀jord Ii;SN71780;2023-01-23;4.9;1.9;-0.4;1.1
흀jord Ii;SN71780;2023-01-24;8.4;4.5;1.2;17.5
흀jord Ii;SN71780;2023-01-25;9.2;6.1;4.3;12
흀jord Ii;SN71780;2023-01-26;4.7;0.8;-0.7;5
흀jord Ii;SN71780;2023-01-27;6.1;3.8;-0.3;3.6
흀jord Ii;SN71780;2023-01-28;7;3.1;1.8;12.8
흀jord Ii;SN71780;2023-01-29;5.9;2.2;0.1;22.7
흀jord Ii;SN71780;2023-01-30;4.8;3.6;1.7;39.2
흀jord Ii;SN71780;2023-01-31;4.2;-0.4;-2.8;1.1
흀jord Ii;SN71780;2023-02-01;-2.7;-5.8;-7.8;1.7
흀jord Ii;SN71780;2023-02-02;0;-2.9;-5.8;2.7
흀jord Ii;SN71780;2023-02-03;-1.4;-5.5;-8;1.8
흀jord Ii;SN71780;2023-02-04;0.5;-3.5;-10.4;0
흀jord Ii;SN71780;2023-02-05;5.1;2.2;-1.1;2.2
흀jord Ii;SN71780;2023-02-06;7.3;3.7;-1.5;4.6
흀jord Ii;SN71780;2023-02-07;7.3;2.8;0.2;0.3
흀jord Ii;SN71780;2023-02-08;9.5;4.6;-1.4;2.8
흀jord Ii;SN71780;2023-02-09;8;1.4;-0.1;6.7
흀jord Ii;SN71780;2023-02-10;1.8;-0.8;-2;15.9
흀jord Ii;SN71780;2023-02-11;-1.2;-2.7;-5.3;3.1
흀jord Ii;SN71780;2023-02-12;7.8;6.3;-2.9;12.8
흀jord Ii;SN71780;2023-02-13;7.9;7.3;4.8;50.9
흀jord Ii;SN71780;2023-02-14;7.1;1.4;0.1;0
흀jord Ii;SN71780;2023-02-15;4.4;1.8;-3.5;0
흀jord Ii;SN71780;2023-02-16;7.6;3.4;0.6;0.1
흀jord Ii;SN71780;2023-02-17;3.5;1;-1;7.4
흀jord Ii;SN71780;2023-02-18;3.2;1.6;-0.9;3.2
흀jord Ii;SN71780;2023-02-19;2.5;0.4;-1.2;7.3
흀jord Ii;SN71780;2023-02-20;3.7;0.6;-1.6;5.9
흀jord Ii;SN71780;2023-02-21;1.5;-4.2;-7.3;13.7
흀jord Ii;SN71780;2023-02-22;2.5;0.6;-5.5;0.3
흀jord Ii;SN71780;2023-02-23;3.5;0.9;-0.5;11.3
흀jord Ii;SN71780;2023-02-24;3;-0.2;-1.2;12.5
흀jord Ii;SN71780;2023-02-25;3.3;-0.5;-3.2;10
흀jord Ii;SN71780;2023-02-26;5.1;3.2;-1.2;11.2
흀jord Ii;SN71780;2023-02-27;5.2;4.9;4;19.2
흀jord Ii;SN71780;2023-02-28;6.5;4.8;2.4;13.9
흀jord Ii;SN71780;2023-03-01;6.5;5.5;2.5;5.6
흀jord Ii;SN71780;2023-03-02;6.1;4.8;3.6;5.9
흀jord Ii;SN71780;2023-03-03;5.9;1.8;-1.6;15.1
흀jord Ii;SN71780;2023-03-04;1.8;-0.8;-3.4;11.3
흀jord Ii;SN71780;2023-03-05;1.5;-1.8;-4.3;16.4
흀jord Ii;SN71780;2023-03-06;-0.3;-5.1;-8.3;3.6
흀jord Ii;SN71780;2023-03-07;-1.4;-6.1;-9;2.3
흀jord Ii;SN71780;2023-03-08;-5.1;-9;-12.3;1.6
흀jord Ii;SN71780;2023-03-09;-2.5;-10.6;-16.5;0
흀jord Ii;SN71780;2023-03-10;-0.7;-5.4;-14.9;0
흀jord Ii;SN71780;2023-03-11;2;-2.3;-4.4;22.2
흀jord Ii;SN71780;2023-03-12;1.4;-2.2;-5.2;3.8
흀jord Ii;SN71780;2023-03-13;2.2;-1.6;-6.4;0.5
흀jord Ii;SN71780;2023-03-14;4.2;-0.3;-4.2;3.1
흀jord Ii;SN71780;2023-03-15;4.4;0.4;-1.7;9.6
흀jord Ii;SN71780;2023-03-16;3.4;-0.7;-7;4.8
흀jord Ii;SN71780;2023-03-17;5.7;3.4;0.6;0
흀jord Ii;SN71780;2023-03-18;4.2;2.1;0.5;3.5
흀jord Ii;SN71780;2023-03-19;5.5;1.8;-1.3;1.6
흀jord Ii;SN71780;2023-03-20;5.1;1.6;0.4;4
흀jord Ii;SN71780;2023-03-21;5;0.7;-1.8;3.9
흀jord Ii;SN71780;2023-03-22;3.3;0.5;-2.2;0
흀jord Ii;SN71780;2023-03-23;2.2;0.7;-1;3.6
흀jord Ii;SN71780;2023-03-24;2.3;-0.6;-2;4.8
흀jord Ii;SN71780;2023-03-25;3.4;-4.3;-10.8;0
흀jord Ii;SN71780;2023-03-26;1.4;-3.3;-8.7;2.4
흀jord Ii;SN71780;2023-03-27;1.7;-5;-10.7;3.6
흀jord Ii;SN71780;2023-03-28;0.9;-6.3;-14.8;0
흀jord Ii;SN71780;2023-03-29;0.7;-5.8;-12.1;0
흀jord Ii;SN71780;2023-03-30;1.2;-5;-14;0
흀jord Ii;SN71780;2023-03-31;4.4;-2.6;-12;0
흀jord Ii;SN71780;2023-04-01;5.2;-1.4;-8.5;0
흀jord Ii;SN71780;2023-04-02;6.8;-0.2;-7.5;0
흀jord Ii;SN71780;2023-04-03;6.6;3.3;-2.4;0
흀jord Ii;SN71780;2023-04-04;8.9;4.8;1.6;2
흀jord Ii;SN71780;2023-04-05;11.3;6.4;-0.5;0
흀jord Ii;SN71780;2023-04-06;8.5;5.3;3.5;0
흀jord Ii;SN71780;2023-04-07;8.4;3;-2.8;0
흀jord Ii;SN71780;2023-04-08;9.7;4.2;1.3;3.8
흀jord Ii;SN71780;2023-04-09;9.9;4.9;-2.9;0
흀jord Ii;SN71780;2023-04-10;10.2;7.5;4.6;0
흀jord Ii;SN71780;2023-04-11;12.2;9;3.1;0
흀jord Ii;SN71780;2023-04-12;13.3;9.8;7.1;0
흀jord Ii;SN71780;2023-04-13;11.6;9;7.6;0
흀jord Ii;SN71780;2023-04-14;9.1;6.8;5.4;0
흀jord Ii;SN71780;2023-04-15;9.4;6.7;5.3;0
흀jord Ii;SN71780;2023-04-16;11.2;5.7;3.6;2.4
흀jord Ii;SN71780;2023-04-17;14.1;6.7;-0.3;0.1
흀jord Ii;SN71780;2023-04-18;16.7;7.8;0.3;0
흀jord Ii;SN71780;2023-04-19;13.6;5.9;-1.1;0
흀jord Ii;SN71780;2023-04-20;13;6;-0.8;0
흀jord Ii;SN71780;2023-04-21;12.3;5.6;-1.5;0
흀jord Ii;SN71780;2023-04-22;7.8;3;0.5;0
흀jord Ii;SN71780;2023-04-23;4.8;1.9;-1.4;0.1
흀jord Ii;SN71780;2023-04-24;4.8;1.7;-1.5;0
흀jord Ii;SN71780;2023-04-25;2.6;0.4;-3.1;0.5
흀jord Ii;SN71780;2023-04-26;4.4;1.5;-1.1;2
흀jord Ii;SN71780;2023-04-27;4.1;2.2;0.3;6
흀jord Ii;SN71780;2023-04-28;7.3;3.3;-1.1;12.5
흀jord Ii;SN71780;2023-04-29;7.9;2.8;-2.6;3.4
흀jord Ii;SN71780;2023-04-30;6.4;3.7;0.5;5.9
흀jord Ii;SN71780;2023-05-01;4.9;2.5;0.4;9.3
흀jord Ii;SN71780;2023-05-02;9.1;3.7;0.2;12.2
흀jord Ii;SN71780;2023-05-03;6.8;2;-0.8;5.6
흀jord Ii;SN71780;2023-05-04;7.6;1.9;-2.7;0.9
흀jord Ii;SN71780;2023-05-05;11.6;4.7;-2.7;2.3
흀jord Ii;SN71780;2023-05-06;12.7;6.4;-0.5;0
흀jord Ii;SN71780;2023-05-07;14.7;7.7;-0.7;0
흀jord Ii;SN71780;2023-05-08;17;11;2.1;0
흀jord Ii;SN71780;2023-05-09;17.3;12.6;5.9;0
흀jord Ii;SN71780;2023-05-10;18.7;11.5;7.1;0
흀jord Ii;SN71780;2023-05-11;16.6;9.6;3.5;0
흀jord Ii;SN71780;2023-05-12;14.9;10.1;8.3;0
흀jord Ii;SN71780;2023-05-13;15;9.6;4.4;0
흀jord Ii;SN71780;2023-05-14;21.8;14.3;3.7;0
흀jord Ii;SN71780;2023-05-15;19.4;9.4;6.2;0
흀jord Ii;SN71780;2023-05-16;13.8;7.1;5.8;1
흀jord Ii;SN71780;2023-05-17;7.1;5.1;2.8;6.8
흀jord Ii;SN71780;2023-05-18;14.6;9.5;2.1;8.9
흀jord Ii;SN71780;2023-05-19;15.9;10.8;8;0.7
흀jord Ii;SN71780;2023-05-20;18.3;12.1;8.3;0
흀jord Ii;SN71780;2023-05-21;14.6;10.4;6.8;0
흀jord Ii;SN71780;2023-05-22;19.7;12.6;5.1;0
흀jord Ii;SN71780;2023-05-23;12.3;8.1;7.2;3.9
흀jord Ii;SN71780;2023-05-24;11.5;7.8;3.3;7.1
흀jord Ii;SN71780;2023-05-25;9.3;6.5;3.8;5.8
흀jord Ii;SN71780;2023-05-26;8.2;6.2;2.6;25.2
흀jord Ii;SN71780;2023-05-27;11.6;8.7;5.6;11.4
흀jord Ii;SN71780;2023-05-28;9.3;6.6;4.9;8.2
흀jord Ii;SN71780;2023-05-29;10;7.3;4.6;2.6
흀jord Ii;SN71780;2023-05-30;10;8.5;7.4;4.2
흀jord Ii;SN71780;2023-05-31;9.3;7;6.2;13.8
흀jord Ii;SN71780;2023-06-01;7.5;5.6;3.1;0.5
흀jord Ii;SN71780;2023-06-02;9.7;7.1;5.2;5.4
흀jord Ii;SN71780;2023-06-03;8.3;7;6.6;11.5
흀jord Ii;SN71780;2023-06-04;9.2;7.7;5.6;3.7
흀jord Ii;SN71780;2023-06-05;8.8;7.9;7;7.8
흀jord Ii;SN71780;2023-06-06;8.8;8;7.5;5.6
흀jord Ii;SN71780;2023-06-07;9.7;7.7;6.6;6.7
흀jord Ii;SN71780;2023-06-08;12.4;8.6;6;6.1
흀jord Ii;SN71780;2023-06-09;21.7;13.1;2.5;0
흀jord Ii;SN71780;2023-06-10;20.9;14.4;7.7;0
흀jord Ii;SN71780;2023-06-11;23.6;13.9;9;0
흀jord Ii;SN71780;2023-06-12;22.4;14.7;8.7;2.2
흀jord Ii;SN71780;2023-06-13;16.3;12.7;11.6;0
흀jord Ii;SN71780;2023-06-14;19.7;13.3;5.6;0
흀jord Ii;SN71780;2023-06-15;18.6;13.2;6.6;0
흀jord Ii;SN71780;2023-06-16;17.9;12.7;7.4;0
흀jord Ii;SN71780;2023-06-17;16.1;12.1;7.3;0
흀jord Ii;SN71780;2023-06-18;22.4;16;9;0
흀jord Ii;SN71780;2023-06-19;27;21.7;11.8;0
흀jord Ii;SN71780;2023-06-20;25.5;19.7;17.5;0
흀jord Ii;SN71780;2023-06-21;28.3;21;13.5;0
흀jord Ii;SN71780;2023-06-22;22.9;14.4;13;11.7
흀jord Ii;SN71780;2023-06-23;14;11;9.6;4.6
흀jord Ii;SN71780;2023-06-24;18.1;13.2;9.5;13.1
흀jord Ii;SN71780;2023-06-25;24.5;17.2;7;0
흀jord Ii;SN71780;2023-06-26;30.8;23.9;12.5;0
흀jord Ii;SN71780;2023-06-27;28.1;15.4;13.6;0
흀jord Ii;SN71780;2023-06-28;25.1;18;12.2;0
흀jord Ii;SN71780;2023-06-29;18.9;13.6;13.1;0.7
흀jord Ii;SN71780;2023-06-30;13.3;12.3;12;6.5
흀jord Ii;SN71780;2023-07-01;18.2;13.7;10.9;6.2
흀jord Ii;SN71780;2023-07-02;22.6;16.9;10.6;1.3
흀jord Ii;SN71780;2023-07-03;17.4;13.7;12.4;2.2
흀jord Ii;SN71780;2023-07-04;15.1;11.7;8.5;3.9
흀jord Ii;SN71780;2023-07-05;19.1;13.5;6.2;2.5
흀jord Ii;SN71780;2023-07-06;23.4;16.8;8.9;0
흀jord Ii;SN71780;2023-07-07;18.2;14.6;11.2;0
흀jord Ii;SN71780;2023-07-08;18.2;14.3;12.3;0
흀jord Ii;SN71780;2023-07-09;25.1;17.4;8.9;0
흀jord Ii;SN71780;2023-07-10;27.5;19.1;11.5;0
흀jord Ii;SN71780;2023-07-11;26.8;19;12.9;1.6
흀jord Ii;SN71780;2023-07-12;24.4;19.3;15.8;0.1
흀jord Ii;SN71780;2023-07-13;19.3;16.1;14.5;0
흀jord Ii;SN71780;2023-07-14;15.2;12.8;11.3;7.8
흀jord Ii;SN71780;2023-07-15;23.9;17.1;8;2.1
흀jord Ii;SN71780;2023-07-16;22.3;18.5;16.2;0.1
흀jord Ii;SN71780;2023-07-17;20.5;13.8;11.7;1.3
흀jord Ii;SN71780;2023-07-18;14.4;12.5;11.8;4.2
흀jord Ii;SN71780;2023-07-19;16.3;12.3;7.1;0.7
흀jord Ii;SN71780;2023-07-20;18.1;12.3;5.8;0
흀jord Ii;SN71780;2023-07-21;14.1;12.2;9.8;0
흀jord Ii;SN71780;2023-07-22;16.3;13.2;11.3;16.3
흀jord Ii;SN71780;2023-07-23;15.4;12.5;8.8;0.1
흀jord Ii;SN71780;2023-07-24;19.6;14.5;10.5;0
흀jord Ii;SN71780;2023-07-25;23.1;15.4;7.5;0
흀jord Ii;SN71780;2023-07-26;23.5;16.3;11.7;0
흀jord Ii;SN71780;2023-07-27;19.5;15.6;12;3.6
흀jord Ii;SN71780;2023-07-28;17.2;14.6;13;0.4
흀jord Ii;SN71780;2023-07-29;18.7;14.1;12.1;0.4
흀jord Ii;SN71780;2023-07-30;22.7;16.4;10.3;0
흀jord Ii;SN71780;2023-07-31;20.1;15.4;12;0.2
흀jord Ii;SN71780;2023-08-01;21.2;16.6;12.3;0
흀jord Ii;SN71780;2023-08-02;21;16;11.4;0
흀jord Ii;SN71780;2023-08-03;19.5;15.9;13.8;0.9
흀jord Ii;SN71780;2023-08-04;15.7;12.8;12.1;3.9
흀jord Ii;SN71780;2023-08-05;16.5;13.1;10.2;5.9
흀jord Ii;SN71780;2023-08-06;17.8;13.9;11.1;0.1
흀jord Ii;SN71780;2023-08-07;14.6;12.4;10.2;2
흀jord Ii;SN71780;2023-08-08;23.3;16.5;12.7;22.8
흀jord Ii;SN71780;2023-08-09;20.6;17;15.5;0.4
흀jord Ii;SN71780;2023-08-10;18.6;14.2;11.1;0
흀jord Ii;SN71780;2023-08-11;16.1;12.6;10.8;2.3
흀jord Ii;SN71780;2023-08-12;20.7;14.3;9.3;1.8
흀jord Ii;SN71780;2023-08-13;25.2;17.6;10.7;4.7
흀jord Ii;SN71780;2023-08-14;21.8;15.8;13.5;2.7
흀jord Ii;SN71780;2023-08-15;22.2;16.1;10.3;0.4
흀jord Ii;SN71780;2023-08-16;18.2;13.9;13.7;15.5
흀jord Ii;SN71780;2023-08-17;18;13.2;10.3;0.2
흀jord Ii;SN71780;2023-08-18;22.5;15.4;6.1;0
흀jord Ii;SN71780;2023-08-19;25;19.7;10.6;0
흀jord Ii;SN71780;2023-08-20;23.3;17.6;15.6;0
흀jord Ii;SN71780;2023-08-21;15.9;15;14.4;7.4
흀jord Ii;SN71780;2023-08-22;18.9;14.7;13.4;1.7
흀jord Ii;SN71780;2023-08-23;23.3;15.7;8.9;0
흀jord Ii;SN71780;2023-08-24;16;13.5;12.5;0.3
흀jord Ii;SN71780;2023-08-25;22.7;16.2;9.2;0.3
흀jord Ii;SN71780;2023-08-26;19.4;16.7;10.7;0
흀jord Ii;SN71780;2023-08-27;19.1;17;15.3;0
흀jord Ii;SN71780;2023-08-28;17.1;13.7;13;2.4
흀jord Ii;SN71780;2023-08-29;16.9;13;11;2.3
흀jord Ii;SN71780;2023-08-30;18.4;12.3;6.2;0
흀jord Ii;SN71780;2023-08-31;17.1;-;-;0
흀jord Ii;SN71780;2023-09-01;15.8;10.7;7.7;0
흀jord Ii;SN71780;2023-09-02;15.9;10.7;5.1;0.3
흀jord Ii;SN71780;2023-09-03;14;11.3;8.7;0
흀jord Ii;SN71780;2023-09-04;15.2;12.5;11.1;26.3
흀jord Ii;SN71780;2023-09-05;13.2;11.1;8.4;25.9
흀jord Ii;SN71780;2023-09-06;17.8;11.9;9.3;1.9
흀jord Ii;SN71780;2023-09-07;21.1;13.9;7;0
흀jord Ii;SN71780;2023-09-08;20.7;15.9;11.9;0
흀jord Ii;SN71780;2023-09-09;25.2;18.3;13.6;2
흀jord Ii;SN71780;2023-09-10;17.2;13.2;11.7;10.5
흀jord Ii;SN71780;2023-09-11;20.7;14.6;10.6;0.9
흀jord Ii;SN71780;2023-09-12;16;11.8;10.6;9.6
흀jord Ii;SN71780;2023-09-13;12.6;8.4;6.5;19.5
흀jord Ii;SN71780;2023-09-14;14.5;8.1;2;4.6
흀jord Ii;SN71780;2023-09-15;18.8;11.3;6.4;0
흀jord Ii;SN71780;2023-09-16;13.1;10.2;8.1;1.9
흀jord Ii;SN71780;2023-09-17;14;8.3;3.6;3.4
흀jord Ii;SN71780;2023-09-18;17;12.2;5.4;0
흀jord Ii;SN71780;2023-09-19;19.4;13.5;9.5;0.3
흀jord Ii;SN71780;2023-09-20;13.2;10.3;9.2;62.1
흀jord Ii;SN71780;2023-09-21;14.4;12.3;9.1;16.9
흀jord Ii;SN71780;2023-09-22;13.3;11.4;9.8;2.2
흀jord Ii;SN71780;2023-09-23;17.5;10.8;6.6;6.5
흀jord Ii;SN71780;2023-09-24;12.5;9.9;7.1;8.5
흀jord Ii;SN71780;2023-09-25;18.2;13.5;7.1;0.8
흀jord Ii;SN71780;2023-09-26;20.5;13.6;10.5;5.1
흀jord Ii;SN71780;2023-09-27;15.2;11.3;8.5;0
흀jord Ii;SN71780;2023-09-28;16.4;12.8;8.2;4.9
흀jord Ii;SN71780;2023-09-29;15.8;11.4;10.7;7.1
흀jord Ii;SN71780;2023-09-30;12.2;9.5;6.5;23.5
흀jord Ii;SN71780;2023-10-01;12.3;8.5;5.7;15
흀jord Ii;SN71780;2023-10-02;12;8.8;5.1;2.3
흀jord Ii;SN71780;2023-10-03;14.5;9.6;7.5;16.9
흀jord Ii;SN71780;2023-10-04;11.7;7.7;4.6;7.9
흀jord Ii;SN71780;2023-10-05;8.6;4;0.8;3.2
흀jord Ii;SN71780;2023-10-06;7.1;5;2;6.6
흀jord Ii;SN71780;2023-10-07;7;4.1;0.8;9.5
흀jord Ii;SN71780;2023-10-08;6.7;5.1;2;12.4
흀jord Ii;SN71780;2023-10-09;7.3;6.6;4.5;26.2
흀jord Ii;SN71780;2023-10-10;10.2;8.1;6.5;67.2
흀jord Ii;SN71780;2023-10-11;11.6;7.7;5.1;20.8
흀jord Ii;SN71780;2023-10-12;9.2;7.1;4;14.9
흀jord Ii;SN71780;2023-10-13;8.5;6.6;4.4;5
흀jord Ii;SN71780;2023-10-14;8.5;6.1;5.1;4.6
흀jord Ii;SN71780;2023-10-15;7.6;5.6;3.6;30
흀jord Ii;SN71780;2023-10-16;6.3;3.8;2.2;6.9
흀jord Ii;SN71780;2023-10-17;8.7;6.4;2.9;39.4
흀jord Ii;SN71780;2023-10-18;8.1;2.5;-0.2;19.6
흀jord Ii;SN71780;2023-10-19;2.9;1.1;-1.7;0.1
흀jord Ii;SN71780;2023-10-20;1.1;-;-0.8;0
